Orthant 1, Orthant 2, Distance, Iterations, Tree 1, Tree 2, Message
6,117,4.378355855797927,4,"((L01:5.3,L06:4):2.7,((L04:4.3,L05:4.6):3.7,(L02:3.5,L03:4.8):5.6):1.9,L07:5.2);","((L01:3.5500000001,L06:4):0.9499999999,((L04:4.3,L05:4.6):3.7,(L02:6.1,L03:5.2):3.8500000001):0.1499999999,L07:5.2);",null
6,45,4.381780460041329,3,"((L01:5.3,L06:4):2.8,((L04:4.3,L05:4.6):3.7,(L02:3.5,L03:4.8):5.6):1.8,L07:5.2);","(((L04:4.3,L05:4.6):3.7,(L01:3.5,L06:4):1):0,(L02:6.1,L03:5.2):4,L07:5.2);",null
6,150,4.381780460041329,5,"((L01:5.3,L06:4):2.7999999999,((L04:4.3,L05:4.6):3.7,(L02:3.5,L03:4.8):5.6):1.8000000001,L07:5.2);","((L04:4.3,L05:4.6):3.7,((L01:3.5,L06:4):1,(L02:6.1,L03:5.2):4):0,L07:5.2);",null
6,100,4.513682901282868,4,"((L01:5.3,L06:4):2.0666666666,((L04:4.3,L05:4.6):3.7,(L02:3.5,L03:4.8):5.6):2.5333333334,L07:5.2);","((((L04:4.3,L05:4.6):3.7,(L02:6.1,L03:5.2):3.5333333333):0.4666666667,L06:4):0,L01:4.5,L07:5.2);",null
6,119,4.513682901282868,5,"((L01:5.3,L06:4):2.0666666667,((L04:4.3,L05:4.6):3.7,(L02:3.5,L03:4.8):5.6):2.5333333333,L07:5.2);","((((L04:4.3,L05:4.6):3.7,(L02:6.1,L03:5.2):3.5333333334):0.4666666666,L01:4.5):0,L06:4,L07:5.2);",null
6,46,4.54972526643093,3,"((L01:5.3,L06:4):2.3,((L04:4.3,L05:4.6):3.7,(L02:3.5,L03:4.8):5.6):2.3,L07:5.2);","(((L04:4.3,L05:4.6):3.7,L01:4.5,L06:4):0,(L02:6.1,L03:5.2):4,L07:5.2);",null
6,152,4.54972526643093,2,"((L01:5.3,L06:4):2.3,((L04:4.3,L05:4.6):3.7,(L02:3.5,L03:4.8):5.6):2.3,L07:5.2);","((L04:4.3,L05:4.6):3.7,(((L02:6.1,L03:5.2):4,L01:4.5):0,L06:4):0,L07:5.2);",null
6,236,4.54972526643093,3,"((L01:5.3,L06:4):2.3,((L04:4.3,L05:4.6):3.7,(L02:3.5,L03:4.8):5.6):2.3,L07:5.2);","(((L04:4.3,L05:4.6):3.7,L01:4.5):0,((L02:6.1,L03:5.2):4,L06:4):0,L07:5.2);",null
6,248,4.54972526643093,3,"((L01:5.3,L06:4):2.3,((L04:4.3,L05:4.6):3.7,(L02:3.5,L03:4.8):5.6):2.3,L07:5.2);","((((L04:4.3,L05:4.6):3.7,L01:4.5):0,L06:4):0,(L02:6.1,L03:5.2):4,L07:5.2);",null
6,250,4.54972526643093,4,"((L01:5.3,L06:4):2.3000000001,((L04:4.3,L05:4.6):3.7,(L02:3.5,L03:4.8):5.6):2.2999999999,L07:5.2);","((((L04:4.3,L05:4.6):3.7,L01:4.5):0,(L02:6.1,L03:5.2):4):0,L06:4,L07:5.2);",null
6,259,4.54972526643093,3,"((L01:5.3,L06:4):2.3,((L04:4.3,L05:4.6):3.7,(L02:3.5,L03:4.8):5.6):2.3,L07:5.2);","(((L04:4.3,L05:4.6):3.7,((L02:6.1,L03:5.2):4,L06:4):0):0,L01:4.5,L07:5.2);",null
6,260,4.54972526643093,3,"((L01:5.3,L06:4):2.3,((L04:4.3,L05:4.6):3.7,(L02:3.5,L03:4.8):5.6):2.3,L07:5.2);","(((L04:4.3,L05:4.6):3.7,(L02:6.1,L03:5.2):4,L06:4):0,L01:4.5,L07:5.2);",null
6,297,4.54972526643093,4,"((L01:5.3,L06:4):2.3,((L04:4.3,L05:4.6):3.7,(L02:3.5,L03:4.8):5.6):2.3,L07:5.2);","((L04:4.3,L05:4.6):3.7,(((L02:6.1,L03:5.2):4,L06:4):0,L01:4.5):0,L07:5.2);",null
6,313,4.54972526643093,2,"((L01:5.3,L06:4):2.3,((L04:4.3,L05:4.6):3.7,(L02:3.5,L03:4.8):5.6):2.3,L07:5.2);","(((L04:4.3,L05:4.6):3.7,((L02:6.1,L03:5.2):4,L01:4.5):0):0,L06:4,L07:5.2);",null
6,314,4.54972526643093,2,"((L01:5.3,L06:4):2.3,((L04:4.3,L05:4.6):3.7,(L02:3.5,L03:4.8):5.6):2.3,L07:5.2);","((L04:4.3,L05:4.6):3.7,((L02:6.1,L03:5.2):4,L01:4.5):0,L06:4,L07:5.2);",null
0,45,4.772839825512689,3,"(((L01:5.3,L06:4):4.6,(L04:4.3,L05:4.6):3.7):0.8000000001,(L02:3.5,L03:4.8):4.7999999999,L07:5.2);","(((L04:4.3,L05:4.6):3.7,(L01:2.6000000001,L06:4):1.8999999999):0,(L02:6.1,L03:5.2):4,L07:5.2);",null
0,117,4.772839825512689,3,"(((L01:5.3,L06:4):4.6,(L04:4.3,L05:4.6):3.7):0.8,(L02:3.5,L03:4.8):4.8,L07:5.2);","((L01:2.6,L06:4):1.9,((L04:4.3,L05:4.6):3.7,(L02:6.1,L03:5.2):4):0,L07:5.2);",null
0,150,4.772839825512689,4,"(((L01:5.3,L06:4):4.6,(L04:4.3,L05:4.6):3.7):0.8,(L02:3.5,L03:4.8):4.8,L07:5.2);","((L04:4.3,L05:4.6):3.7,((L01:2.6,L06:4):1.9,(L02:6.1,L03:5.2):4):0,L07:5.2);",null
3,45,4.905099387372288,4,"(((L01:5.3,L06:4):4.6,(L02:3.5,L03:4.8):5.6):0,(L04:4.3,L05:4.6):3.7,L07:5.2);","(((L04:4.3,L05:4.6):3.7,(L01:2.6,L06:4):1.9):0,(L02:6.1,L03:5.2):4,L07:5.2);",null
3,49,4.905099387372288,6,"(((L01:5.3,L06:4):4.6,(L02:3.5,L03:4.8):5.6):3.7,(L04:4.3,L05:4.6):0,L07:1.4999999999);","((((L01:2.6,L06:4):1.9,(L02:6.1,L03:5.2):4):3.7000000001,L05:4.6):0,L04:4.3,L07:1.4999999999);",null
3,117,4.905099387372288,4,"(((L01:5.3,L06:4):4.6,(L02:3.5,L03:4.8):5.6):0,(L04:4.3,L05:4.6):3.7,L07:5.2);","((L01:2.6,L06:4):1.9,((L04:4.3,L05:4.6):3.7,(L02:6.1,L03:5.2):4):0,L07:5.2);",null
3,149,4.905099387372288,6,"(((L01:5.3,L06:4):4.6,(L02:3.5,L03:4.8):5.6):3.7,(L04:4.3,L05:4.6):0,L07:1.4999999999);","((((L01:2.6,L06:4):1.9,(L02:6.1,L03:5.2):4):3.7000000001,L04:4.3):0,L05:4.6,L07:1.4999999999);",null
3,150,4.905099387372288,2,"(((L01:5.3,L06:4):4.6,(L02:3.5,L03:4.8):5.6):2.225,(L04:4.3,L05:4.6):1.475,L07:2.975);","((L04:4.3,L05:4.6):1.475,((L01:2.6,L06:4):1.9,(L02:6.1,L03:5.2):4):2.225,L07:2.975);",null
4,49,4.905099387372288,5,"((((L01:5.3,L06:4):4.6,(L02:3.5,L03:4.8):5.6):3.7,L05:4.6):1.5,L04:2.8,L07:0);","((((L01:2.6,L06:4):1.9,(L02:6.1,L03:5.2):4):3.7000000001,L05:4.6):1.4999999999,L04:2.8,L07:0);",null
4,149,4.905099387372288,4,"((((L01:5.3,L06:4):4.6,(L02:3.5,L03:4.8):5.6):3.7,L05:4.6):0,L04:4.3,L07:1.5);","((((L01:2.6000000002,L06:4):1.8999999998,(L02:6.1,L03:5.2):4):3.7,L04:4.3):0,L05:4.6,L07:1.5);",null
4,150,4.905099387372288,3,"((((L01:5.3,L06:4):4.6,(L02:3.5,L03:4.8):5.6):3.7,L05:4.6):0,L04:4.3,L07:1.5);","(((L01:2.6000000001,L06:4):1.8999999999,(L02:6.1,L03:5.2):4):3.7,L04:4.3,L05:4.6,L07:1.5);",null
5,49,4.905099387372288,4,"((((L01:5.3,L06:4):4.6,(L02:3.5,L03:4.8):5.6):3.7,L04:4.3):0,L05:4.6,L07:1.5);","((((L01:2.6,L06:4):1.9,(L02:6.1,L03:5.2):4):3.7,L05:4.6):0,L04:4.3,L07:1.5);",null
5,149,4.905099387372288,6,"((((L01:5.3,L06:4):4.6,(L02:3.5,L03:4.8):5.6):3.7,L04:4.3):1.5,L05:3.1,L07:0);","((((L01:2.6,L06:4):1.9,(L02:6.1,L03:5.2):4):3.7,L04:4.3):1.5,L05:3.1,L07:0);",null
5,150,4.905099387372288,3,"((((L01:5.3,L06:4):4.6,(L02:3.5,L03:4.8):5.6):3.7,L04:4.3):0,L05:4.6,L07:1.5);","(((L01:2.6000000003,L06:4):1.8999999997,(L02:6.1,L03:5.2):4):3.7,L04:4.3,L05:4.6,L07:1.5);",null
7,100,5.143928459844673,3,"((((L04:4.3,L05:4.6):3.7,(L02:3.5,L03:4.8):5.6):4.6,L06:4):0.3999999999,L01:4.9000000001,L07:5.2);","((((L04:4.3,L05:4.6):3.7,(L02:6.1,L03:5.2):2.4999999999):1.5000000001,L06:4):0,L01:4.5,L07:5.2);",null
7,119,5.143928459844673,7,"((((L04:4.3,L05:4.6):3.7,(L02:3.5,L03:4.8):5.6):4.6,L06:4):0.4,L01:4.9,L07:5.2);","((((L04:4.3,L05:4.6):3.7,(L02:6.1,L03:5.2):2.5):1.5,L01:4.5):0,L06:4,L07:5.2);",null
7,117,5.143928459844674,3,"((((L04:4.3,L05:4.6):3.7,(L02:3.5,L03:4.8):5.6):4.6,L06:4):0.4,L01:4.9,L07:5.2);","((L01:4.5,L06:4):0,((L04:4.3,L05:4.6):3.7,(L02:6.1,L03:5.2):2.5):1.5,L07:5.2);",null
8,100,5.174939613174244,4,"((((L04:4.3,L05:4.6):3.7,(L02:3.5,L03:4.8):5.6):4.6,L01:5.3):0,L06:4,L07:5.2);","((((L04:4.3,L05:4.6):3.7,(L02:6.1,L03:5.2):2.4999999999):1.5000000001,L06:4):0,L01:4.5,L07:5.2);",null
8,117,5.174939613174244,4,"((((L04:4.3,L05:4.6):3.7,(L02:3.5,L03:4.8):5.6):4.6,L01:5.3):0,L06:4,L07:5.2);","((L01:4.5,L06:4):0,((L04:4.3,L05:4.6):3.7,(L02:6.1,L03:5.2):2.5000000001):1.4999999999,L07:5.2);",null
8,119,5.174939613174244,2,"((((L04:4.3,L05:4.6):3.7,(L02:3.5,L03:4.8):5.6):4.6,L01:5.3):2.3,L06:1.7,L07:2.9);","((((L04:4.3,L05:4.6):3.7,(L02:6.1,L03:5.2):2.5):1.5,L01:4.5):2.3,L06:1.7,L07:2.9);",null
0,100,5.47722557505166,4,"(((L01:5.3,L06:4):4.6,(L04:4.3,L05:4.6):3.7):0.8000000001,(L02:3.5,L03:4.8):4.7999999999,L07:5.2);","((((L04:4.3,L05:4.6):3.7,(L02:6.1,L03:5.2):4):0,L06:4):0,L01:4.5,L07:5.2);",null
0,248,5.47722557505166,4,"(((L01:5.3,L06:4):4.6,(L04:4.3,L05:4.6):3.7):0.8000000002,(L02:3.5,L03:4.8):4.7999999998,L07:5.2);","((((L04:4.3,L05:4.6):3.7,L01:4.4999999999):0,L06:4):0.0000000001,(L02:6.1,L03:5.2):4,L07:5.2);",null
0,250,5.47722557505166,4,"(((L01:5.3,L06:4):4.6,(L04:4.3,L05:4.6):3.7):0.8,(L02:3.5,L03:4.8):4.8,L07:5.2);","((((L04:4.3,L05:4.6):3.7,L01:4.5):0,(L02:6.1,L03:5.2):4):0,L06:4,L07:5.2);",null
0,259,5.47722557505166,5,"(((L01:5.3,L06:4):4.6,(L04:4.3,L05:4.6):3.7):0.8,(L02:3.5,L03:4.8):4.8,L07:5.2);","(((L04:4.3,L05:4.6):3.7,((L02:6.1,L03:5.2):4,L06:4):0):0,L01:4.5,L07:5.2);",null
0,297,5.47722557505166,5,"(((L01:5.3,L06:4):4.6,(L04:4.3,L05:4.6):3.7):0.8,(L02:3.5,L03:4.8):4.8,L07:5.2);","((L04:4.3,L05:4.6):3.7,(((L02:6.1,L03:5.2):4,L06:4):0,L01:4.5):0,L07:5.2);",null
0,313,5.47722557505166,4,"(((L01:5.3,L06:4):4.6,(L04:4.3,L05:4.6):3.7):0.8,(L02:3.5,L03:4.8):4.8,L07:5.2);","(((L04:4.3,L05:4.6):3.7,((L02:6.1,L03:5.2):4,L01:4.5):0):0,L06:4,L07:5.2);",null
0,46,5.477225575051661,3,"(((L01:5.3,L06:4):4.6,(L04:4.3,L05:4.6):3.7):0.7999999999,(L02:3.5,L03:4.8):4.8000000001,L07:5.2);","(((L04:4.3,L05:4.6):3.7,L01:4.5,L06:4):0,(L02:6.1,L03:5.2):4,L07:5.2);",null
0,119,5.477225575051661,4,"(((L01:5.3,L06:4):4.6,(L04:4.3,L05:4.6):3.7):0.8,(L02:3.5,L03:4.8):4.8,L07:5.2);","((((L04:4.3,L05:4.6):3.7,(L02:6.1,L03:5.2):4):0,L01:4.5):0,L06:4,L07:5.2);",null
0,152,5.477225575051661,4,"(((L01:5.3,L06:4):4.6,(L04:4.3,L05:4.6):3.7):0.8,(L02:3.5,L03:4.8):4.8,L07:5.2);","((L04:4.3,L05:4.6):3.7,(((L02:6.1,L03:5.2):4,L01:4.5):0,L06:4):0,L07:5.2);",null
0,236,5.477225575051661,4,"(((L01:5.3,L06:4):4.6,(L04:4.3,L05:4.6):3.7):0.7999999999,(L02:3.5,L03:4.8):4.8000000001,L07:5.2);","(((L04:4.3,L05:4.6):3.7,L01:4.5):0,((L02:6.1,L03:5.2):4,L06:4):0,L07:5.2);",null
0,260,5.477225575051661,3,"(((L01:5.3,L06:4):4.6,(L04:4.3,L05:4.6):3.7):0.8000000001,(L02:3.5,L03:4.8):4.7999999999,L07:5.2);","(((L04:4.3,L05:4.6):3.7,(L02:6.1,L03:5.2):4,L06:4):0,L01:4.5,L07:5.2);",null
0,314,5.477225575051661,3,"(((L01:5.3,L06:4):4.6,(L04:4.3,L05:4.6):3.7):0.8,(L02:3.5,L03:4.8):4.8,L07:5.2);","((L04:4.3,L05:4.6):3.7,((L02:6.1,L03:5.2):4,L01:4.5):0,L06:4,L07:5.2);",null
3,16,5.559226564909906,4,"(((L01:5.3,L06:4):4.6,(L02:3.5,L03:4.8):5.6):1.85,(L04:4.3,L05:4.6):1.85,L07:5.2);","((L01:2.6,L06:4):1.9,(((L02:6.1,L03:5.2):4,L04:4.3):0,L05:4.6):0,L07:5.2);",null
3,30,5.559226564909906,4,"(((L01:5.3,L06:4):4.6,(L02:3.5,L03:4.8):5.6):1.85,(L04:4.3,L05:4.6):1.85,L07:5.2);","(((L01:2.6,L06:4):1.9,L05:4.6):0,((L02:6.1,L03:5.2):4,L04:4.3):0,L07:5.2);",null
3,32,5.559226564909906,4,"(((L01:5.3,L06:4):4.6,(L02:3.5,L03:4.8):5.6):1.85,(L04:4.3,L05:4.6):1.85,L07:5.2);","(((L01:2.6,L06:4):1.9,((L02:6.1,L03:5.2):4,L04:4.3):0):0,L05:4.6,L07:5.2);",null
3,42,5.559226564909906,4,"(((L01:5.3,L06:4):4.6,(L02:3.5,L03:4.8):5.6):1.85,(L04:4.3,L05:4.6):1.85,L07:5.2);","((((L01:2.6,L06:4):1.9,L05:4.6):0,L04:4.3):0,(L02:6.1,L03:5.2):4,L07:5.2);",null
3,47,5.559226564909906,4,"(((L01:5.3,L06:4):4.6,(L02:3.5,L03:4.8):5.6):1.8499999998,(L04:4.3,L05:4.6):1.8500000002,L07:5.2);","((((L01:2.6,L06:4):1.9,L05:4.6):0,(L02:6.1,L03:5.2):4):0,L04:4.3,L07:5.2);",null
3,116,5.559226564909906,4,"(((L01:5.3,L06:4):4.6,(L02:3.5,L03:4.8):5.6):1.85,(L04:4.3,L05:4.6):1.85,L07:5.2);","((L01:2.6,L06:4):1.9,(((L02:6.1,L03:5.2):4,L05:4.6):0,L04:4.3):0,L07:5.2);",null
3,132,5.559226564909906,4,"(((L01:5.3,L06:4):4.6,(L02:3.5,L03:4.8):5.6):1.85,(L04:4.3,L05:4.6):1.85,L07:5.2);","(((L01:2.6,L06:4):1.9,L04:4.3):0,((L02:6.1,L03:5.2):4,L05:4.6):0,L07:5.2);",null
3,134,5.559226564909906,4,"(((L01:5.3,L06:4):4.6,(L02:3.5,L03:4.8):5.6):1.85,(L04:4.3,L05:4.6):1.85,L07:5.2);","(((L01:2.6,L06:4):1.9,((L02:6.1,L03:5.2):4,L05:4.6):0):0,L04:4.3,L07:5.2);",null
3,144,5.559226564909906,4,"(((L01:5.3,L06:4):4.6,(L02:3.5,L03:4.8):5.6):1.85,(L04:4.3,L05:4.6):1.85,L07:5.2);","((((L01:2.6,L06:4):1.9,L04:4.3):0,L05:4.6):0,(L02:6.1,L03:5.2):4,L07:5.2);",null
3,147,5.559226564909906,4,"(((L01:5.3,L06:4):4.6,(L02:3.5,L03:4.8):5.6):1.8499999998,(L04:4.3,L05:4.6):1.8500000002,L07:5.2);","((((L01:2.6,L06:4):1.9,L04:4.3):0,(L02:6.1,L03:5.2):4):0,L05:4.6,L07:5.2);",null
7,152,5.564171097297421,4,"((((L04:4.3,L05:4.6):3.7,(L02:3.5,L03:4.8):5.6):4.6,L06:4):0.4,L01:4.9,L07:5.2);","((L04:4.3,L05:4.6):3.7,(((L02:6.1,L03:5.2):4,L01:4.5):0,L06:4):0,L07:5.2);",null
7,45,5.564171097297422,4,"((((L04:4.3,L05:4.6):3.7,(L02:3.5,L03:4.8):5.6):4.6,L06:4):0.4000000001,L01:4.8999999999,L07:5.2);","(((L04:4.3,L05:4.6):3.7,(L01:4.5,L06:4):0):0,(L02:6.1,L03:5.2):4,L07:5.2);",null
7,46,5.564171097297422,3,"((((L04:4.3,L05:4.6):3.7,(L02:3.5,L03:4.8):5.6):4.6,L06:4):0.4,L01:4.9,L07:5.2);","(((L04:4.3,L05:4.6):3.7,L01:4.5,L06:4):0,(L02:6.1,L03:5.2):4,L07:5.2);",null
7,150,5.564171097297422,4,"((((L04:4.3,L05:4.6):3.7,(L02:3.5,L03:4.8):5.6):4.6,L06:4):0.4,L01:4.9,L07:5.2);","((L04:4.3,L05:4.6):3.7,((L01:4.5,L06:4):0,(L02:6.1,L03:5.2):4):0,L07:5.2);",null
7,236,5.564171097297422,4,"((((L04:4.3,L05:4.6):3.7,(L02:3.5,L03:4.8):5.6):4.6,L06:4):0.3999999999,L01:4.9000000001,L07:5.2);","(((L04:4.3,L05:4.6):3.7,L01:4.5):0,((L02:6.1,L03:5.2):4,L06:4):0,L07:5.2);",null
7,248,5.564171097297422,5,"((((L04:4.3,L05:4.6):3.7,(L02:3.5,L03:4.8):5.6):4.6,L06:4):0.4,L01:4.9,L07:5.2);","((((L04:4.3,L05:4.6):3.7,L01:4.5):0,L06:4):0,(L02:6.1,L03:5.2):4,L07:5.2);",null
7,250,5.564171097297422,5,"((((L04:4.3,L05:4.6):3.7,(L02:3.5,L03:4.8):5.6):4.6,L06:4):0.4,L01:4.9,L07:5.2);","((((L04:4.3,L05:4.6):3.7,L01:4.5):0,(L02:6.1,L03:5.2):4):0,L06:4,L07:5.2);",null
7,259,5.564171097297422,4,"((((L04:4.3,L05:4.6):3.7,(L02:3.5,L03:4.8):5.6):4.6,L06:4):0.4,L01:4.9,L07:5.2);","(((L04:4.3,L05:4.6):3.7,((L02:6.1,L03:5.2):4,L06:4):0):0,L01:4.5,L07:5.2);",null
7,260,5.564171097297422,3,"((((L04:4.3,L05:4.6):3.7,(L02:3.5,L03:4.8):5.6):4.6,L06:4):0.4,L01:4.9,L07:5.2);","(((L04:4.3,L05:4.6):3.7,(L02:6.1,L03:5.2):4,L06:4):0,L01:4.5,L07:5.2);",null
7,297,5.564171097297422,4,"((((L04:4.3,L05:4.6):3.7,(L02:3.5,L03:4.8):5.6):4.6,L06:4):0.4,L01:4.9,L07:5.2);","((L04:4.3,L05:4.6):3.7,(((L02:6.1,L03:5.2):4,L06:4):0,L01:4.5):0,L07:5.2);",null
7,313,5.564171097297422,4,"((((L04:4.3,L05:4.6):3.7,(L02:3.5,L03:4.8):5.6):4.6,L06:4):0.4,L01:4.9,L07:5.2);","(((L04:4.3,L05:4.6):3.7,((L02:6.1,L03:5.2):4,L01:4.5):0):0,L06:4,L07:5.2);",null
7,314,5.564171097297422,3,"((((L04:4.3,L05:4.6):3.7,(L02:3.5,L03:4.8):5.6):4.6,L06:4):0.4,L01:4.9,L07:5.2);","((L04:4.3,L05:4.6):3.7,((L02:6.1,L03:5.2):4,L01:4.5):0,L06:4,L07:5.2);",null
3,46,5.592852581643824,3,"(((L01:5.3,L06:4):4.6,(L02:3.5,L03:4.8):5.6):0,(L04:4.3,L05:4.6):3.7,L07:5.2);","(((L04:4.3,L05:4.6):3.7,L01:4.5,L06:4):0,(L02:6.1,L03:5.2):4,L07:5.2);",null
3,50,5.592852581643824,5,"(((L01:5.3,L06:4):4.6,(L02:3.5,L03:4.8):5.6):3.7,(L04:4.3,L05:4.6):0,L07:1.5);","(((((L02:6.1,L03:5.2):4,L01:4.5):0,L06:4):3.7,L05:4.6):0,L04:4.3,L07:1.5);",null
3,100,5.592852581643824,4,"(((L01:5.3,L06:4):4.6,(L02:3.5,L03:4.8):5.6):0,(L04:4.3,L05:4.6):3.7,L07:5.2);","((((L04:4.3,L05:4.6):3.7,(L02:6.1,L03:5.2):4):0,L06:4):0,L01:4.5,L07:5.2);",null
3,119,5.592852581643824,4,"(((L01:5.3,L06:4):4.6,(L02:3.5,L03:4.8):5.6):0,(L04:4.3,L05:4.6):3.7,L07:5.2);","((((L04:4.3,L05:4.6):3.7,(L02:6.1,L03:5.2):4):0,L01:4.5):0,L06:4,L07:5.2);",null
3,151,5.592852581643824,5,"(((L01:5.3,L06:4):4.6,(L02:3.5,L03:4.8):5.6):3.7,(L04:4.3,L05:4.6):0,L07:1.5);","(((((L02:6.1,L03:5.2):4,L01:4.5):0,L06:4):3.7,L04:4.3):0,L05:4.6,L07:1.5);",null
3,152,5.592852581643824,3,"(((L01:5.3,L06:4):4.6,(L02:3.5,L03:4.8):5.6):1.7916666667,(L04:4.3,L05:4.6):1.9083333333,L07:3.4083333333);","((L04:4.3,L05:4.6):1.9083333333,(((L02:6.1,L03:5.2):4,L01:4.5):0,L06:4):1.7916666667,L07:3.4083333333);",null
3,236,5.592852581643824,4,"(((L01:5.3,L06:4):4.6,(L02:3.5,L03:4.8):5.6):0,(L04:4.3,L05:4.6):3.7,L07:5.2);","(((L04:4.3,L05:4.6):3.7,L01:4.5):0,((L02:6.1,L03:5.2):4,L06:4):0,L07:5.2);",null
3,238,5.592852581643824,5,"(((L01:5.3,L06:4):4.6,(L02:3.5,L03:4.8):5.6):3.6999999999,(L04:4.3,L05:4.6):0.0000000001,L07:1.4999999999);","(((((L02:6.1,L03:5.2):4,L06:4):0,L01:4.5):3.7000000001,L05:4.6):0,L04:4.3,L07:1.4999999999);",null
3,248,5.592852581643824,4,"(((L01:5.3,L06:4):4.6,(L02:3.5,L03:4.8):5.6):0,(L04:4.3,L05:4.6):3.7,L07:5.2);","((((L04:4.3,L05:4.6):3.7,L01:4.5):0,L06:4):0,(L02:6.1,L03:5.2):4,L07:5.2);",null
3,250,5.592852581643824,4,"(((L01:5.3,L06:4):4.6,(L02:3.5,L03:4.8):5.6):0,(L04:4.3,L05:4.6):3.7,L07:5.2);","((((L04:4.3,L05:4.6):3.7,L01:4.5):0,(L02:6.1,L03:5.2):4):0,L06:4,L07:5.2);",null
3,259,5.592852581643824,4,"(((L01:5.3,L06:4):4.6,(L02:3.5,L03:4.8):5.6):0,(L04:4.3,L05:4.6):3.7,L07:5.2);","(((L04:4.3,L05:4.6):3.7,((L02:6.1,L03:5.2):4,L06:4):0):0,L01:4.5,L07:5.2);",null
3,260,5.592852581643824,3,"(((L01:5.3,L06:4):4.6,(L02:3.5,L03:4.8):5.6):0,(L04:4.3,L05:4.6):3.7,L07:5.2);","(((L04:4.3,L05:4.6):3.7,(L02:6.1,L03:5.2):4,L06:4):0,L01:4.5,L07:5.2);",null
3,296,5.592852581643824,5,"(((L01:5.3,L06:4):4.6,(L02:3.5,L03:4.8):5.6):3.6999999999,(L04:4.3,L05:4.6):0.0000000001,L07:1.4999999999);","(((((L02:6.1,L03:5.2):4,L06:4):0,L01:4.5):3.7000000001,L04:4.3):0,L05:4.6,L07:1.4999999999);",null
3,297,5.592852581643824,3,"(((L01:5.3,L06:4):4.6,(L02:3.5,L03:4.8):5.6):2.225,(L04:4.3,L05:4.6):1.475,L07:2.975);","((L04:4.3,L05:4.6):1.475,(((L02:6.1,L03:5.2):4,L06:4):0,L01:4.5):2.225,L07:2.975);",null
3,313,5.592852581643824,3,"(((L01:5.3,L06:4):4.6,(L02:3.5,L03:4.8):5.6):0,(L04:4.3,L05:4.6):3.7,L07:5.2);","(((L04:4.3,L05:4.6):3.7,((L02:6.1,L03:5.2):4,L01:4.5):0):0,L06:4,L07:5.2);",null
3,314,5.592852581643824,3,"(((L01:5.3,L06:4):4.6,(L02:3.5,L03:4.8):5.6):0,(L04:4.3,L05:4.6):3.7,L07:5.2);","((L04:4.3,L05:4.6):3.7,((L02:6.1,L03:5.2):4,L01:4.5):0,L06:4,L07:5.2);",null
4,50,5.592852581643824,6,"((((L01:5.3,L06:4):4.6,(L02:3.5,L03:4.8):5.6):3.7,L05:4.6):1.5,L04:2.8,L07:0);","(((((L02:6.1,L03:5.2):4,L01:4.5):0,L06:4):3.7,L05:4.6):1.5,L04:2.8,L07:0);",null
4,151,5.592852581643824,4,"((((L01:5.3,L06:4):4.6,(L02:3.5,L03:4.8):5.6):3.7,L05:4.6):0,L04:4.3,L07:1.5);","(((((L02:6.1,L03:5.2):4,L01:4.5):0,L06:4):3.7,L04:4.3):0,L05:4.6,L07:1.5);",null
4,152,5.592852581643824,3,"((((L01:5.3,L06:4):4.6,(L02:3.5,L03:4.8):5.6):3.7,L05:4.6):0,L04:4.3,L07:1.5);","((((L02:6.1,L03:5.2):4,L01:4.5):0,L06:4):3.7,L04:4.3,L05:4.6,L07:1.5);",null
4,238,5.592852581643824,5,"((((L01:5.3,L06:4):4.6,(L02:3.5,L03:4.8):5.6):3.7,L05:4.6):1.5,L04:2.8,L07:0);","(((((L02:6.1,L03:5.2):4,L06:4):0,L01:4.5):3.7,L05:4.6):1.5,L04:2.8,L07:0);",null
4,296,5.592852581643824,4,"((((L01:5.3,L06:4):4.6,(L02:3.5,L03:4.8):5.6):3.7,L05:4.6):0,L04:4.3,L07:1.5);","(((((L02:6.1,L03:5.2):4,L06:4):0,L01:4.5):3.7,L04:4.3):0,L05:4.6,L07:1.5);",null
4,297,5.592852581643824,3,"((((L01:5.3,L06:4):4.6,(L02:3.5,L03:4.8):5.6):3.7,L05:4.6):0,L04:4.3,L07:1.5);","((((L02:6.1,L03:5.2):4,L06:4):0,L01:4.5):3.7,L04:4.3,L05:4.6,L07:1.5);",null
5,50,5.592852581643824,4,"((((L01:5.3,L06:4):4.6,(L02:3.5,L03:4.8):5.6):3.7,L04:4.3):0,L05:4.6,L07:1.5);","(((((L02:6.1,L03:5.2):4,L01:4.5):0,L06:4):3.7,L05:4.6):0,L04:4.3,L07:1.5);",null
5,151,5.592852581643824,5,"((((L01:5.3,L06:4):4.6,(L02:3.5,L03:4.8):5.6):3.7,L04:4.3):1.5,L05:3.1,L07:0);","(((((L02:6.1,L03:5.2):4,L01:4.5):0,L06:4):3.7,L04:4.3):1.5,L05:3.1,L07:0);",null
5,152,5.592852581643824,3,"((((L01:5.3,L06:4):4.6,(L02:3.5,L03:4.8):5.6):3.7,L04:4.3):0,L05:4.6,L07:1.5);","((((L02:6.1,L03:5.2):4,L01:4.5):0,L06:4):3.7,L04:4.3,L05:4.6,L07:1.5);",null
5,238,5.592852581643824,4,"((((L01:5.3,L06:4):4.6,(L02:3.5,L03:4.8):5.6):3.7,L04:4.3):0,L05:4.6,L07:1.5);","(((((L02:6.1,L03:5.2):4,L06:4):0,L01:4.5):3.7,L05:4.6):0,L04:4.3,L07:1.5);",null
5,296,5.592852581643824,5,"((((L01:5.3,L06:4):4.6,(L02:3.5,L03:4.8):5.6):3.7,L04:4.3):1.5,L05:3.1,L07:0);","(((((L02:6.1,L03:5.2):4,L06:4):0,L01:4.5):3.7000000001,L04:4.3):1.4999999999,L05:3.1,L07:0);",null
5,297,5.592852581643824,3,"((((L01:5.3,L06:4):4.6,(L02:3.5,L03:4.8):5.6):3.7,L04:4.3):0,L05:4.6,L07:1.5);","((((L02:6.1,L03:5.2):4,L06:4):0,L01:4.5):3.7,L04:4.3,L05:4.6,L07:1.5);",null
8,45,5.592852581643824,4,"((((L04:4.3,L05:4.6):3.7,(L02:3.5,L03:4.8):5.6):4.6,L01:5.3):0,L06:4,L07:5.2);","(((L04:4.3,L05:4.6):3.7,(L01:4.5,L06:4):0):0,(L02:6.1,L03:5.2):4,L07:5.2);",null
8,46,5.592852581643824,3,"((((L04:4.3,L05:4.6):3.7,(L02:3.5,L03:4.8):5.6):4.6,L01:5.3):0,L06:4,L07:5.2);","(((L04:4.3,L05:4.6):3.7,L01:4.5,L06:4):0,(L02:6.1,L03:5.2):4,L07:5.2);",null
8,150,5.592852581643824,4,"((((L04:4.3,L05:4.6):3.7,(L02:3.5,L03:4.8):5.6):4.6,L01:5.3):0,L06:4,L07:5.2);","((L04:4.3,L05:4.6):3.7,((L01:4.5,L06:4):0,(L02:6.1,L03:5.2):4):0,L07:5.2);",null
8,152,5.592852581643824,3,"((((L04:4.3,L05:4.6):3.7,(L02:3.5,L03:4.8):5.6):4.6,L01:5.3):0,L06:4,L07:5.2);","((L04:4.3,L05:4.6):3.7,(((L02:6.1,L03:5.2):4,L01:4.5):0,L06:4):0,L07:5.2);",null
8,236,5.592852581643824,4,"((((L04:4.3,L05:4.6):3.7,(L02:3.5,L03:4.8):5.6):4.6,L01:5.3):0,L06:4,L07:5.2);","(((L04:4.3,L05:4.6):3.7,L01:4.5):0,((L02:6.1,L03:5.2):4,L06:4):0,L07:5.2);",null
8,248,5.592852581643824,4,"((((L04:4.3,L05:4.6):3.7,(L02:3.5,L03:4.8):5.6):4.6,L01:5.3):0,L06:4,L07:5.2);","((((L04:4.3,L05:4.6):3.7,L01:4.5):0,L06:4):0,(L02:6.1,L03:5.2):4,L07:5.2);",null
8,250,5.592852581643824,3,"((((L04:4.3,L05:4.6):3.7,(L02:3.5,L03:4.8):5.6):4.6,L01:5.3):2.3,L06:1.7,L07:2.9);","((((L04:4.3,L05:4.6):3.7,L01:4.5):0,(L02:6.1,L03:5.2):4):2.3,L06:1.7,L07:2.9);",null
8,259,5.592852581643824,4,"((((L04:4.3,L05:4.6):3.7,(L02:3.5,L03:4.8):5.6):4.6,L01:5.3):0,L06:4,L07:5.2);","(((L04:4.3,L05:4.6):3.7,((L02:6.1,L03:5.2):4,L06:4):0):0,L01:4.5,L07:5.2);",null
8,260,5.592852581643824,3,"((((L04:4.3,L05:4.6):3.7,(L02:3.5,L03:4.8):5.6):4.6,L01:5.3):0,L06:4,L07:5.2);","(((L04:4.3,L05:4.6):3.7,(L02:6.1,L03:5.2):4,L06:4):0,L01:4.5,L07:5.2);",null
8,297,5.592852581643824,4,"((((L04:4.3,L05:4.6):3.7,(L02:3.5,L03:4.8):5.6):4.6,L01:5.3):0,L06:4,L07:5.2);","((L04:4.3,L05:4.6):3.7,(((L02:6.1,L03:5.2):4,L06:4):0,L01:4.5):0,L07:5.2);",null
8,313,5.592852581643824,3,"((((L04:4.3,L05:4.6):3.7,(L02:3.5,L03:4.8):5.6):4.6,L01:5.3):1.8666666667,L06:2.1333333333,L07:3.3333333333);","(((L04:4.3,L05:4.6):3.7,((L02:6.1,L03:5.2):4,L01:4.5):0):1.8666666667,L06:2.1333333333,L07:3.3333333333);",null
8,314,5.592852581643824,3,"((((L04:4.3,L05:4.6):3.7,(L02:3.5,L03:4.8):5.6):4.6,L01:5.3):0,L06:4,L07:5.2);","((L04:4.3,L05:4.6):3.7,((L02:6.1,L03:5.2):4,L01:4.5):0,L06:4,L07:5.2);",null
6,16,5.732364259186605,5,"((L01:5.3,L06:4):2.7000000001,((L04:4.3,L05:4.6):3.7,(L02:3.5,L03:4.8):5.6):1.8999999999,L07:5.2);","((L01:3.5500000002,L06:4):0.9499999998,(((L02:6.1,L03:5.2):3.8500000001,L04:4.3):0,L05:4.6):0.1499999999,L07:5.2);",null
6,116,5.732364259186605,5,"((L01:5.3,L06:4):2.7000000001,((L04:4.3,L05:4.6):3.7,(L02:3.5,L03:4.8):5.6):1.8999999999,L07:5.2);","((L01:3.5500000002,L06:4):0.9499999998,(((L02:6.1,L03:5.2):3.8500000001,L05:4.6):0,L04:4.3):0.1499999999,L07:5.2);",null
6,30,5.734980383575866,5,"((L01:5.3,L06:4):2.8,((L04:4.3,L05:4.6):3.7,(L02:3.5,L03:4.8):5.6):1.8,L07:5.2);","(((L01:3.5,L06:4):1,L05:4.6):0,((L02:6.1,L03:5.2):4,L04:4.3):0,L07:5.2);",null
6,42,5.734980383575866,5,"((L01:5.3,L06:4):2.8,((L04:4.3,L05:4.6):3.7,(L02:3.5,L03:4.8):5.6):1.8,L07:5.2);","((((L01:3.5,L06:4):1,L05:4.6):0,L04:4.3):0,(L02:6.1,L03:5.2):4,L07:5.2);",null
6,47,5.734980383575866,5,"((L01:5.3,L06:4):2.8,((L04:4.3,L05:4.6):3.7,(L02:3.5,L03:4.8):5.6):1.8,L07:5.2);","((((L01:3.5,L06:4):1,L05:4.6):0,(L02:6.1,L03:5.2):4):0,L04:4.3,L07:5.2);",null
6,132,5.734980383575866,5,"((L01:5.3,L06:4):2.8,((L04:4.3,L05:4.6):3.7,(L02:3.5,L03:4.8):5.6):1.8,L07:5.2);","(((L01:3.5,L06:4):1,L04:4.3):0,((L02:6.1,L03:5.2):4,L05:4.6):0,L07:5.2);",null
6,144,5.734980383575866,5,"((L01:5.3,L06:4):2.8,((L04:4.3,L05:4.6):3.7,(L02:3.5,L03:4.8):5.6):1.8,L07:5.2);","((((L01:3.5,L06:4):1,L04:4.3):0,L05:4.6):0,(L02:6.1,L03:5.2):4,L07:5.2);",null
6,147,5.734980383575866,5,"((L01:5.3,L06:4):2.8,((L04:4.3,L05:4.6):3.7,(L02:3.5,L03:4.8):5.6):1.8,L07:5.2);","((((L01:3.5,L06:4):1,L04:4.3):0,(L02:6.1,L03:5.2):4):0,L05:4.6,L07:5.2);",null
6,32,5.734980383575867,5,"((L01:5.3,L06:4):2.8,((L04:4.3,L05:4.6):3.7,(L02:3.5,L03:4.8):5.6):1.8,L07:5.2);","(((L01:3.5,L06:4):1,((L02:6.1,L03:5.2):4,L04:4.3):0):0,L05:4.6,L07:5.2);",null
6,49,5.734980383575867,5,"((L01:5.3,L06:4):2.8,((L04:4.3,L05:4.6):3.7,(L02:3.5,L03:4.8):5.6):1.8,L07:5.2);","((((L01:3.5,L06:4):1,(L02:6.1,L03:5.2):4):0,L05:4.6):0,L04:4.3,L07:5.2);",null
6,134,5.734980383575867,5,"((L01:5.3,L06:4):2.8,((L04:4.3,L05:4.6):3.7,(L02:3.5,L03:4.8):5.6):1.8,L07:5.2);","(((L01:3.5,L06:4):1,((L02:6.1,L03:5.2):4,L05:4.6):0):0,L04:4.3,L07:5.2);",null
6,149,5.734980383575867,5,"((L01:5.3,L06:4):2.8,((L04:4.3,L05:4.6):3.7,(L02:3.5,L03:4.8):5.6):1.8,L07:5.2);","((((L01:3.5,L06:4):1,(L02:6.1,L03:5.2):4):0,L04:4.3):0,L05:4.6,L07:5.2);",null
6,0,5.8363801566838776,5,"((L01:5.3,L06:4):2.0666666667,((L04:4.3,L05:4.6):3.7,(L02:3.5,L03:4.8):5.6):2.5333333333,L07:5.2);","(((((L02:6.1,L03:5.2):3.5333333333,L04:4.3):0,L05:4.6):0.4666666667,L06:4):0,L01:4.5,L07:5.2);",null
6,99,5.8363801566838776,5,"((L01:5.3,L06:4):2.0666666667,((L04:4.3,L05:4.6):3.7,(L02:3.5,L03:4.8):5.6):2.5333333333,L07:5.2);","(((((L02:6.1,L03:5.2):3.5333333333,L05:4.6):0,L04:4.3):0.4666666667,L06:4):0,L01:4.5,L07:5.2);",null
6,17,5.836380156683878,6,"((L01:5.3,L06:4):2.0666666668,((L04:4.3,L05:4.6):3.7,(L02:3.5,L03:4.8):5.6):2.5333333332,L07:5.2);","(((((L02:6.1,L03:5.2):3.5333333333,L04:4.3):0,L05:4.6):0.4666666667,L01:4.5):0,L06:4,L07:5.2);",null
6,118,5.836380156683878,6,"((L01:5.3,L06:4):2.0666666668,((L04:4.3,L05:4.6):3.7,(L02:3.5,L03:4.8):5.6):2.5333333332,L07:5.2);","(((((L02:6.1,L03:5.2):3.5333333333,L05:4.6):0,L04:4.3):0.4666666667,L01:4.5):0,L06:4,L07:5.2);",null
6,31,5.864298764558299,4,"((L01:5.3,L06:4):2.3,((L04:4.3,L05:4.6):3.7,(L02:3.5,L03:4.8):5.6):2.3,L07:5.2);","((L01:4.5,L05:4.6,L06:4):0,((L02:6.1,L03:5.2):4,L04:4.3):0,L07:5.2);",null
6,33,5.864298764558299,3,"((L01:5.3,L06:4):2.3,((L04:4.3,L05:4.6):3.7,(L02:3.5,L03:4.8):5.6):2.3,L07:5.2);","(((((L02:6.1,L03:5.2):4,L04:4.3):0,L01:4.5):0,L06:4):0,L05:4.6,L07:5.2);",null
6,43,5.864298764558299,4,"((L01:5.3,L06:4):2.3,((L04:4.3,L05:4.6):3.7,(L02:3.5,L03:4.8):5.6):2.3,L07:5.2);","(((L01:4.5,L05:4.6,L06:4):0,L04:4.3):0,(L02:6.1,L03:5.2):4,L07:5.2);",null
6,44,5.864298764558299,3,"((L01:5.3,L06:4):2.3,((L04:4.3,L05:4.6):3.7,(L02:3.5,L03:4.8):5.6):2.3,L07:5.2);","((L01:4.5,L04:4.3,L05:4.6,L06:4):0,(L02:6.1,L03:5.2):4,L07:5.2);",null
6,48,5.864298764558299,4,"((L01:5.3,L06:4):2.3,((L04:4.3,L05:4.6):3.7,(L02:3.5,L03:4.8):5.6):2.3,L07:5.2);","(((L01:4.5,L05:4.6,L06:4):0,(L02:6.1,L03:5.2):4):0,L04:4.3,L07:5.2);",null
6,50,5.864298764558299,3,"((L01:5.3,L06:4):2.3,((L04:4.3,L05:4.6):3.7,(L02:3.5,L03:4.8):5.6):2.3,L07:5.2);","(((((L02:6.1,L03:5.2):4,L01:4.5):0,L06:4):0,L05:4.6):0,L04:4.3,L07:5.2);",null
6,51,5.864298764558299,5,"((L01:5.3,L06:4):2.3,((L04:4.3,L05:4.6):3.7,(L02:3.5,L03:4.8):5.6):2.3,L07:5.2);","(((((L02:6.1,L03:5.2):4,L04:4.3):0,L06:4):0,L05:4.6):0,L01:4.5,L07:5.2);",null
6,52,5.864298764558299,4,"((L01:5.3,L06:4):2.3,((L04:4.3,L05:4.6):3.7,(L02:3.5,L03:4.8):5.6):2.3,L07:5.2);","((((L02:6.1,L03:5.2):4,L04:4.3):0,L05:4.6,L06:4):0,L01:4.5,L07:5.2);",null
6,67,5.864298764558299,4,"((L01:5.3,L06:4):2.3,((L04:4.3,L05:4.6):3.7,(L02:3.5,L03:4.8):5.6):2.3,L07:5.2);","((L01:4.5,L05:4.6):0,(((L02:6.1,L03:5.2):4,L04:4.3):0,L06:4):0,L07:5.2);",null
6,81,5.864298764558299,4,"((L01:5.3,L06:4):2.3,((L04:4.3,L05:4.6):3.7,(L02:3.5,L03:4.8):5.6):2.3,L07:5.2);","(((L01:4.5,L05:4.6):0,L06:4):0,((L02:6.1,L03:5.2):4,L04:4.3):0,L07:5.2);",null
6,82,5.864298764558299,5,"((L01:5.3,L06:4):2.3,((L04:4.3,L05:4.6):3.7,(L02:3.5,L03:4.8):5.6):2.3,L07:5.2);","(((L01:4.5,L05:4.6):0,((L02:6.1,L03:5.2):4,L04:4.3):0):0,L06:4,L07:5.2);",null
6,83,5.864298764558299,5,"((L01:5.3,L06:4):2.3,((L04:4.3,L05:4.6):3.7,(L02:3.5,L03:4.8):5.6):2.3,L07:5.2);","(((((L02:6.1,L03:5.2):4,L04:4.3):0,L01:4.5):0,L05:4.6):0,L06:4,L07:5.2);",null
6,84,5.864298764558299,3,"((L01:5.3,L06:4):2.3,((L04:4.3,L05:4.6):3.7,(L02:3.5,L03:4.8):5.6):2.3,L07:5.2);","((((L02:6.1,L03:5.2):4,L04:4.3):0,L01:4.5):0,L05:4.6,L06:4,L07:5.2);",null
6,93,5.864298764558299,5,"((L01:5.3,L06:4):2.3,((L04:4.3,L05:4.6):3.7,(L02:3.5,L03:4.8):5.6):2.3,L07:5.2);","((((L01:4.5,L05:4.6):0,L06:4):0,L04:4.3):0,(L02:6.1,L03:5.2):4,L07:5.2);",null
6,94,5.864298764558299,4,"((L01:5.3,L06:4):2.3,((L04:4.3,L05:4.6):3.7,(L02:3.5,L03:4.8):5.6):2.3,L07:5.2);","(((L01:4.5,L05:4.6):0,L04:4.3,L06:4):0,(L02:6.1,L03:5.2):4,L07:5.2);",null
6,95,5.864298764558299,5,"((L01:5.3,L06:4):2.3,((L04:4.3,L05:4.6):3.7,(L02:3.5,L03:4.8):5.6):2.3,L07:5.2);","((((L01:4.5,L05:4.6):0,L06:4):0,(L02:6.1,L03:5.2):4):0,L04:4.3,L07:5.2);",null
6,96,5.864298764558299,3,"((L01:5.3,L06:4):2.3,((L04:4.3,L05:4.6):3.7,(L02:3.5,L03:4.8):5.6):2.3,L07:5.2);","((((L01:4.5,L05:4.6):0,(L02:6.1,L03:5.2):4):0,L06:4):0,L04:4.3,L07:5.2);",null
6,97,5.864298764558299,2,"((L01:5.3,L06:4):2.3,((L04:4.3,L05:4.6):3.7,(L02:3.5,L03:4.8):5.6):2.3,L07:5.2);","(((((L02:6.1,L03:5.2):4,L01:4.5):0,L05:4.6):0,L06:4):0,L04:4.3,L07:5.2);",null
6,98,5.864298764558299,3,"((L01:5.3,L06:4):2.3,((L04:4.3,L05:4.6):3.7,(L02:3.5,L03:4.8):5.6):2.3,L07:5.2);","((((L02:6.1,L03:5.2):4,L01:4.5):0,L05:4.6,L06:4):0,L04:4.3,L07:5.2);",null
6,133,5.864298764558299,4,"((L01:5.3,L06:4):2.3,((L04:4.3,L05:4.6):3.7,(L02:3.5,L03:4.8):5.6):2.3,L07:5.2);","((L01:4.5,L04:4.3,L06:4):0,((L02:6.1,L03:5.2):4,L05:4.6):0,L07:5.2);",null
6,135,5.864298764558299,3,"((L01:5.3,L06:4):2.3,((L04:4.3,L05:4.6):3.7,(L02:3.5,L03:4.8):5.6):2.3,L07:5.2);","(((((L02:6.1,L03:5.2):4,L05:4.6):0,L01:4.5):0,L06:4):0,L04:4.3,L07:5.2);",null
6,145,5.864298764558299,4,"((L01:5.3,L06:4):2.3,((L04:4.3,L05:4.6):3.7,(L02:3.5,L03:4.8):5.6):2.3,L07:5.2);","(((L01:4.5,L04:4.3,L06:4):0,L05:4.6):0,(L02:6.1,L03:5.2):4,L07:5.2);",null
6,146,5.864298764558299,3,"((L01:5.3,L06:4):2.3,((L04:4.3,L05:4.6):3.7,(L02:3.5,L03:4.8):5.6):2.3,L07:5.2);","((L01:4.5,L04:4.3,L05:4.6,L06:4):0,(L02:6.1,L03:5.2):4,L07:5.2);",null
6,148,5.864298764558299,4,"((L01:5.3,L06:4):2.3,((L04:4.3,L05:4.6):3.7,(L02:3.5,L03:4.8):5.6):2.3,L07:5.2);","(((L01:4.5,L04:4.3,L06:4):0,(L02:6.1,L03:5.2):4):0,L05:4.6,L07:5.2);",null
6,151,5.864298764558299,3,"((L01:5.3,L06:4):2.3,((L04:4.3,L05:4.6):3.7,(L02:3.5,L03:4.8):5.6):2.3,L07:5.2);","(((((L02:6.1,L03:5.2):4,L01:4.5):0,L06:4):0,L04:4.3):0,L05:4.6,L07:5.2);",null
6,153,5.864298764558299,5,"((L01:5.3,L06:4):2.3,((L04:4.3,L05:4.6):3.7,(L02:3.5,L03:4.8):5.6):2.3,L07:5.2);","(((((L02:6.1,L03:5.2):4,L05:4.6):0,L06:4):0,L04:4.3):0,L01:4.5,L07:5.2);",null
6,154,5.864298764558299,4,"((L01:5.3,L06:4):2.3,((L04:4.3,L05:4.6):3.7,(L02:3.5,L03:4.8):5.6):2.3,L07:5.2);","((((L02:6.1,L03:5.2):4,L05:4.6):0,L04:4.3,L06:4):0,L01:4.5,L07:5.2);",null
6,169,5.864298764558299,4,"((L01:5.3,L06:4):2.3,((L04:4.3,L05:4.6):3.7,(L02:3.5,L03:4.8):5.6):2.3,L07:5.2);","((L01:4.5,L04:4.3):0,(((L02:6.1,L03:5.2):4,L05:4.6):0,L06:4):0,L07:5.2);",null
6,183,5.864298764558299,4,"((L01:5.3,L06:4):2.3,((L04:4.3,L05:4.6):3.7,(L02:3.5,L03:4.8):5.6):2.3,L07:5.2);","(((L01:4.5,L04:4.3):0,L06:4):0,((L02:6.1,L03:5.2):4,L05:4.6):0,L07:5.2);",null
6,184,5.864298764558299,5,"((L01:5.3,L06:4):2.3,((L04:4.3,L05:4.6):3.7,(L02:3.5,L03:4.8):5.6):2.3,L07:5.2);","(((L01:4.5,L04:4.3):0,((L02:6.1,L03:5.2):4,L05:4.6):0):0,L06:4,L07:5.2);",null
6,185,5.864298764558299,5,"((L01:5.3,L06:4):2.3,((L04:4.3,L05:4.6):3.7,(L02:3.5,L03:4.8):5.6):2.3,L07:5.2);","(((((L02:6.1,L03:5.2):4,L05:4.6):0,L01:4.5):0,L04:4.3):0,L06:4,L07:5.2);",null
6,186,5.864298764558299,3,"((L01:5.3,L06:4):2.3,((L04:4.3,L05:4.6):3.7,(L02:3.5,L03:4.8):5.6):2.3,L07:5.2);","((((L02:6.1,L03:5.2):4,L05:4.6):0,L01:4.5):0,L04:4.3,L06:4,L07:5.2);",null
6,195,5.864298764558299,5,"((L01:5.3,L06:4):2.3,((L04:4.3,L05:4.6):3.7,(L02:3.5,L03:4.8):5.6):2.3,L07:5.2);","((((L01:4.5,L04:4.3):0,L06:4):0,L05:4.6):0,(L02:6.1,L03:5.2):4,L07:5.2);",null
6,196,5.864298764558299,4,"((L01:5.3,L06:4):2.3,((L04:4.3,L05:4.6):3.7,(L02:3.5,L03:4.8):5.6):2.3,L07:5.2);","(((L01:4.5,L04:4.3):0,L05:4.6,L06:4):0,(L02:6.1,L03:5.2):4,L07:5.2);",null
6,197,5.864298764558299,5,"((L01:5.3,L06:4):2.3,((L04:4.3,L05:4.6):3.7,(L02:3.5,L03:4.8):5.6):2.3,L07:5.2);","((((L01:4.5,L04:4.3):0,L06:4):0,(L02:6.1,L03:5.2):4):0,L05:4.6,L07:5.2);",null
6,198,5.864298764558299,3,"((L01:5.3,L06:4):2.3,((L04:4.3,L05:4.6):3.7,(L02:3.5,L03:4.8):5.6):2.3,L07:5.2);","((((L01:4.5,L04:4.3):0,(L02:6.1,L03:5.2):4):0,L06:4):0,L05:4.6,L07:5.2);",null
6,199,5.864298764558299,2,"((L01:5.3,L06:4):2.3,((L04:4.3,L05:4.6):3.7,(L02:3.5,L03:4.8):5.6):2.3,L07:5.2);","(((((L02:6.1,L03:5.2):4,L01:4.5):0,L04:4.3):0,L06:4):0,L05:4.6,L07:5.2);",null
6,200,5.864298764558299,3,"((L01:5.3,L06:4):2.3,((L04:4.3,L05:4.6):3.7,(L02:3.5,L03:4.8):5.6):2.3,L07:5.2);","((((L02:6.1,L03:5.2):4,L01:4.5):0,L04:4.3,L06:4):0,L05:4.6,L07:5.2);",null
6,201,5.864298764558299,4,"((L01:5.3,L06:4):2.3,((L04:4.3,L05:4.6):3.7,(L02:3.5,L03:4.8):5.6):2.3,L07:5.2);","(((((L02:6.1,L03:5.2):4,L06:4):0,L04:4.3):0,L05:4.6):0,L01:4.5,L07:5.2);",null
6,203,5.864298764558299,3,"((L01:5.3,L06:4):2.3,((L04:4.3,L05:4.6):3.7,(L02:3.5,L03:4.8):5.6):2.3,L07:5.2);","(((L02:6.1,L03:5.2):4,L04:4.3,L05:4.6,L06:4):0,L01:4.5,L07:5.2);",null
6,219,5.864298764558299,4,"((L01:5.3,L06:4):2.3,((L04:4.3,L05:4.6):3.7,(L02:3.5,L03:4.8):5.6):2.3,L07:5.2);","((L01:4.5,L05:4.6):0,(((L02:6.1,L03:5.2):4,L06:4):0,L04:4.3):0,L07:5.2);",null
6,220,5.864298764558299,3,"((L01:5.3,L06:4):2.3,((L04:4.3,L05:4.6):3.7,(L02:3.5,L03:4.8):5.6):2.3,L07:5.2);","((L01:4.5,L05:4.6):0,((L02:6.1,L03:5.2):4,L04:4.3,L06:4):0,L07:5.2);",null
6,221,5.864298764558299,5,"((L01:5.3,L06:4):2.3,((L04:4.3,L05:4.6):3.7,(L02:3.5,L03:4.8):5.6):2.3,L07:5.2);","(((((L02:6.1,L03:5.2):4,L06:4):0,L04:4.3):0,L01:4.5):0,L05:4.6,L07:5.2);",null
6,235,5.864298764558299,4,"((L01:5.3,L06:4):2.3,((L04:4.3,L05:4.6):3.7,(L02:3.5,L03:4.8):5.6):2.3,L07:5.2);","(((L01:4.5,L05:4.6):0,L04:4.3):0,((L02:6.1,L03:5.2):4,L06:4):0,L07:5.2);",null
6,237,5.864298764558299,5,"((L01:5.3,L06:4):2.3,((L04:4.3,L05:4.6):3.7,(L02:3.5,L03:4.8):5.6):2.3,L07:5.2);","(((L01:4.5,L05:4.6):0,((L02:6.1,L03:5.2):4,L06:4):0):0,L04:4.3,L07:5.2);",null
6,238,5.864298764558299,5,"((L01:5.3,L06:4):2.3,((L04:4.3,L05:4.6):3.7,(L02:3.5,L03:4.8):5.6):2.3,L07:5.2);","(((((L02:6.1,L03:5.2):4,L06:4):0,L01:4.5):0,L05:4.6):0,L04:4.3,L07:5.2);",null
6,247,5.864298764558299,4,"((L01:5.3,L06:4):2.3,((L04:4.3,L05:4.6):3.7,(L02:3.5,L03:4.8):5.6):2.3,L07:5.2);","((((L01:4.5,L05:4.6):0,L04:4.3):0,L06:4):0,(L02:6.1,L03:5.2):4,L07:5.2);",null
6,249,5.864298764558299,5,"((L01:5.3,L06:4):2.3000000001,((L04:4.3,L05:4.6):3.7,(L02:3.5,L03:4.8):5.6):2.2999999999,L07:5.2);","((((L01:4.5,L05:4.6):0,L04:4.3):0,(L02:6.1,L03:5.2):4):0,L06:4,L07:5.2);",null
6,251,5.864298764558299,5,"((L01:5.3,L06:4):2.3,((L04:4.3,L05:4.6):3.7,(L02:3.5,L03:4.8):5.6):2.3,L07:5.2);","((((L01:4.5,L05:4.6):0,(L02:6.1,L03:5.2):4):0,L04:4.3):0,L06:4,L07:5.2);",null
6,252,5.864298764558299,3,"((L01:5.3,L06:4):2.3,((L04:4.3,L05:4.6):3.7,(L02:3.5,L03:4.8):5.6):2.3,L07:5.2);","(((L01:4.5,L05:4.6):0,(L02:6.1,L03:5.2):4):0,L04:4.3,L06:4,L07:5.2);",null
6,253,5.864298764558299,3,"((L01:5.3,L06:4):2.3,((L04:4.3,L05:4.6):3.7,(L02:3.5,L03:4.8):5.6):2.3,L07:5.2);","(((((L02:6.1,L03:5.2):4,L01:4.5):0,L05:4.6):0,L04:4.3):0,L06:4,L07:5.2);",null
6,254,5.864298764558299,3,"((L01:5.3,L06:4):2.3,((L04:4.3,L05:4.6):3.7,(L02:3.5,L03:4.8):5.6):2.3,L07:5.2);","((((L02:6.1,L03:5.2):4,L01:4.5):0,L05:4.6):0,L04:4.3,L06:4,L07:5.2);",null
6,255,5.864298764558299,2,"((L01:5.3,L06:4):2.3,((L04:4.3,L05:4.6):3.7,(L02:3.5,L03:4.8):5.6):2.3,L07:5.2);","(((L02:6.1,L03:5.2):4,L01:4.5):0,L04:4.3,L05:4.6,L06:4,L07:5.2);",null
6,256,5.864298764558299,4,"((L01:5.3,L06:4):2.3,((L04:4.3,L05:4.6):3.7,(L02:3.5,L03:4.8):5.6):2.3,L07:5.2);","(((((L02:6.1,L03:5.2):4,L06:4):0,L05:4.6):0,L04:4.3):0,L01:4.5,L07:5.2);",null
6,258,5.864298764558299,3,"((L01:5.3,L06:4):2.3,((L04:4.3,L05:4.6):3.7,(L02:3.5,L03:4.8):5.6):2.3,L07:5.2);","(((L02:6.1,L03:5.2):4,L04:4.3,L05:4.6,L06:4):0,L01:4.5,L07:5.2);",null
6,278,5.864298764558299,4,"((L01:5.3,L06:4):2.3,((L04:4.3,L05:4.6):3.7,(L02:3.5,L03:4.8):5.6):2.3,L07:5.2);","((L01:4.5,L04:4.3):0,(((L02:6.1,L03:5.2):4,L06:4):0,L05:4.6):0,L07:5.2);",null
6,279,5.864298764558299,3,"((L01:5.3,L06:4):2.3,((L04:4.3,L05:4.6):3.7,(L02:3.5,L03:4.8):5.6):2.3,L07:5.2);","((L01:4.5,L04:4.3):0,((L02:6.1,L03:5.2):4,L05:4.6,L06:4):0,L07:5.2);",null
6,280,5.864298764558299,5,"((L01:5.3,L06:4):2.3,((L04:4.3,L05:4.6):3.7,(L02:3.5,L03:4.8):5.6):2.3,L07:5.2);","(((((L02:6.1,L03:5.2):4,L06:4):0,L05:4.6):0,L01:4.5):0,L04:4.3,L07:5.2);",null
6,294,5.864298764558299,4,"((L01:5.3,L06:4):2.3,((L04:4.3,L05:4.6):3.7,(L02:3.5,L03:4.8):5.6):2.3,L07:5.2);","(((L01:4.5,L04:4.3):0,L05:4.6):0,((L02:6.1,L03:5.2):4,L06:4):0,L07:5.2);",null
6,295,5.864298764558299,5,"((L01:5.3,L06:4):2.3,((L04:4.3,L05:4.6):3.7,(L02:3.5,L03:4.8):5.6):2.3,L07:5.2);","(((L01:4.5,L04:4.3):0,((L02:6.1,L03:5.2):4,L06:4):0):0,L05:4.6,L07:5.2);",null
6,296,5.864298764558299,5,"((L01:5.3,L06:4):2.3,((L04:4.3,L05:4.6):3.7,(L02:3.5,L03:4.8):5.6):2.3,L07:5.2);","(((((L02:6.1,L03:5.2):4,L06:4):0,L01:4.5):0,L04:4.3):0,L05:4.6,L07:5.2);",null
6,306,5.864298764558299,4,"((L01:5.3,L06:4):2.3,((L04:4.3,L05:4.6):3.7,(L02:3.5,L03:4.8):5.6):2.3,L07:5.2);","((((L01:4.5,L04:4.3):0,L05:4.6):0,L06:4):0,(L02:6.1,L03:5.2):4,L07:5.2);",null
6,307,5.864298764558299,5,"((L01:5.3,L06:4):2.3000000001,((L04:4.3,L05:4.6):3.7,(L02:3.5,L03:4.8):5.6):2.2999999999,L07:5.2);","((((L01:4.5,L04:4.3):0,L05:4.6):0,(L02:6.1,L03:5.2):4):0,L06:4,L07:5.2);",null
6,308,5.864298764558299,5,"((L01:5.3,L06:4):2.3,((L04:4.3,L05:4.6):3.7,(L02:3.5,L03:4.8):5.6):2.3,L07:5.2);","((((L01:4.5,L04:4.3):0,(L02:6.1,L03:5.2):4):0,L05:4.6):0,L06:4,L07:5.2);",null
6,309,5.864298764558299,3,"((L01:5.3,L06:4):2.3,((L04:4.3,L05:4.6):3.7,(L02:3.5,L03:4.8):5.6):2.3,L07:5.2);","(((L01:4.5,L04:4.3):0,(L02:6.1,L03:5.2):4):0,L05:4.6,L06:4,L07:5.2);",null
6,310,5.864298764558299,3,"((L01:5.3,L06:4):2.3,((L04:4.3,L05:4.6):3.7,(L02:3.5,L03:4.8):5.6):2.3,L07:5.2);","(((((L02:6.1,L03:5.2):4,L01:4.5):0,L04:4.3):0,L05:4.6):0,L06:4,L07:5.2);",null
6,311,5.864298764558299,3,"((L01:5.3,L06:4):2.3,((L04:4.3,L05:4.6):3.7,(L02:3.5,L03:4.8):5.6):2.3,L07:5.2);","((((L02:6.1,L03:5.2):4,L01:4.5):0,L04:4.3):0,L05:4.6,L06:4,L07:5.2);",null
6,312,5.864298764558299,2,"((L01:5.3,L06:4):2.3,((L04:4.3,L05:4.6):3.7,(L02:3.5,L03:4.8):5.6):2.3,L07:5.2);","(((L02:6.1,L03:5.2):4,L01:4.5):0,L04:4.3,L05:4.6,L06:4,L07:5.2);",null
6,68,5.8642987645583,5,"((L01:5.3,L06:4):2.3,((L04:4.3,L05:4.6):3.7,(L02:3.5,L03:4.8):5.6):2.3,L07:5.2);","(((((L02:6.1,L03:5.2):4,L04:4.3):0,L06:4):0,L01:4.5):0,L05:4.6,L07:5.2);",null
6,170,5.8642987645583,5,"((L01:5.3,L06:4):2.3,((L04:4.3,L05:4.6):3.7,(L02:3.5,L03:4.8):5.6):2.3,L07:5.2);","(((((L02:6.1,L03:5.2):4,L05:4.6):0,L06:4):0,L01:4.5):0,L04:4.3,L07:5.2);",null
6,202,5.8642987645583,4,"((L01:5.3,L06:4):2.3,((L04:4.3,L05:4.6):3.7,(L02:3.5,L03:4.8):5.6):2.3,L07:5.2);","((((L02:6.1,L03:5.2):4,L04:4.3,L06:4):0,L05:4.6):0,L01:4.5,L07:5.2);",null
6,222,5.8642987645583,4,"((L01:5.3,L06:4):2.3,((L04:4.3,L05:4.6):3.7,(L02:3.5,L03:4.8):5.6):2.3,L07:5.2);","((((L02:6.1,L03:5.2):4,L04:4.3,L06:4):0,L01:4.5):0,L05:4.6,L07:5.2);",null
6,257,5.8642987645583,4,"((L01:5.3,L06:4):2.3,((L04:4.3,L05:4.6):3.7,(L02:3.5,L03:4.8):5.6):2.3,L07:5.2);","((((L02:6.1,L03:5.2):4,L05:4.6,L06:4):0,L04:4.3):0,L01:4.5,L07:5.2);",null
6,281,5.8642987645583,4,"((L01:5.3,L06:4):2.3,((L04:4.3,L05:4.6):3.7,(L02:3.5,L03:4.8):5.6):2.3,L07:5.2);","((((L02:6.1,L03:5.2):4,L05:4.6,L06:4):0,L01:4.5):0,L04:4.3,L07:5.2);",null
0,30,6.0390396587536985,4,"(((L01:5.3,L06:4):4.6,(L04:4.3,L05:4.6):3.7):0.8,(L02:3.5,L03:4.8):4.8,L07:5.2);","(((L01:2.6,L06:4):1.9,L05:4.6):0,((L02:6.1,L03:5.2):4,L04:4.3):0,L07:5.2);",null
0,49,6.0390396587536985,4,"(((L01:5.3,L06:4):4.6,(L04:4.3,L05:4.6):3.7):0.8,(L02:3.5,L03:4.8):4.8,L07:5.2);","((((L01:2.6,L06:4):1.9,(L02:6.1,L03:5.2):4):0,L05:4.6):0,L04:4.3,L07:5.2);",null
0,132,6.0390396587536985,4,"(((L01:5.3,L06:4):4.6,(L04:4.3,L05:4.6):3.7):0.8,(L02:3.5,L03:4.8):4.8,L07:5.2);","(((L01:2.6,L06:4):1.9,L04:4.3):0,((L02:6.1,L03:5.2):4,L05:4.6):0,L07:5.2);",null
0,149,6.0390396587536985,4,"(((L01:5.3,L06:4):4.6,(L04:4.3,L05:4.6):3.7):0.8,(L02:3.5,L03:4.8):4.8,L07:5.2);","((((L01:2.6,L06:4):1.9,(L02:6.1,L03:5.2):4):0,L04:4.3):0,L05:4.6,L07:5.2);",null
0,16,6.039039658753699,4,"(((L01:5.3,L06:4):4.6,(L04:4.3,L05:4.6):3.7):0.8000000002,(L02:3.5,L03:4.8):4.7999999998,L07:5.2);","((L01:2.6,L06:4):1.9,(((L02:6.1,L03:5.2):4,L04:4.3):0,L05:4.6):0,L07:5.2);",null
0,32,6.039039658753699,4,"(((L01:5.3,L06:4):4.6,(L04:4.3,L05:4.6):3.7):0.8,(L02:3.5,L03:4.8):4.8,L07:5.2);","(((L01:2.6,L06:4):1.9,((L02:6.1,L03:5.2):4,L04:4.3):0):0,L05:4.6,L07:5.2);",null
0,42,6.039039658753699,4,"(((L01:5.3,L06:4):4.6,(L04:4.3,L05:4.6):3.7):0.8,(L02:3.5,L03:4.8):4.8,L07:5.2);","((((L01:2.6,L06:4):1.9,L05:4.6):0,L04:4.3):0,(L02:6.1,L03:5.2):4,L07:5.2);",null
0,47,6.039039658753699,4,"(((L01:5.3,L06:4):4.6,(L04:4.3,L05:4.6):3.7):0.8,(L02:3.5,L03:4.8):4.8,L07:5.2);","((((L01:2.6,L06:4):1.9,L05:4.6):0,(L02:6.1,L03:5.2):4):0,L04:4.3,L07:5.2);",null
0,116,6.039039658753699,4,"(((L01:5.3,L06:4):4.6,(L04:4.3,L05:4.6):3.7):0.8000000002,(L02:3.5,L03:4.8):4.7999999998,L07:5.2);","((L01:2.6,L06:4):1.9,(((L02:6.1,L03:5.2):4,L05:4.6):0,L04:4.3):0,L07:5.2);",null
0,134,6.039039658753699,4,"(((L01:5.3,L06:4):4.6,(L04:4.3,L05:4.6):3.7):0.8,(L02:3.5,L03:4.8):4.8,L07:5.2);","(((L01:2.6,L06:4):1.9,((L02:6.1,L03:5.2):4,L05:4.6):0):0,L04:4.3,L07:5.2);",null
0,144,6.039039658753699,4,"(((L01:5.3,L06:4):4.6,(L04:4.3,L05:4.6):3.7):0.8,(L02:3.5,L03:4.8):4.8,L07:5.2);","((((L01:2.6,L06:4):1.9,L04:4.3):0,L05:4.6):0,(L02:6.1,L03:5.2):4,L07:5.2);",null
0,147,6.039039658753699,4,"(((L01:5.3,L06:4):4.6,(L04:4.3,L05:4.6):3.7):0.8,(L02:3.5,L03:4.8):4.8,L07:5.2);","((((L01:2.6,L06:4):1.9,L04:4.3):0,(L02:6.1,L03:5.2):4):0,L05:4.6,L07:5.2);",null
4,32,6.144102863722253,5,"((((L01:5.3,L06:4):4.6,(L02:3.5,L03:4.8):5.6):3.7,L05:4.6):0,L04:4.3,L07:5.2);","(((L01:2.6,L06:4):1.9,((L02:6.1,L03:5.2):4,L04:4.3):0):0,L05:4.6,L07:5.2);",null
4,45,6.144102863722253,4,"((((L01:5.3,L06:4):4.6,(L02:3.5,L03:4.8):5.6):3.7,L05:4.6):0,L04:4.3,L07:5.2);","(((L01:2.6,L06:4):1.9,L04:4.3,L05:4.6):0,(L02:6.1,L03:5.2):4,L07:5.2);",null
4,47,6.144102863722253,3,"((((L01:5.3,L06:4):4.6,(L02:3.5,L03:4.8):5.6):3.7,L05:4.6):2.375,L04:1.925,L07:2.825);","((((L01:2.6,L06:4):1.9,L05:4.6):0,(L02:6.1,L03:5.2):4):2.375,L04:1.925,L07:2.825);",null
4,117,6.144102863722253,4,"((((L01:5.3,L06:4):4.6,(L02:3.5,L03:4.8):5.6):3.7,L05:4.6):0,L04:4.3,L07:5.2);","((L01:2.6000000001,L06:4):1.8999999999,((L02:6.1,L03:5.2):4,L04:4.3,L05:4.6):0,L07:5.2);",null
4,132,6.144102863722253,5,"((((L01:5.3,L06:4):4.6,(L02:3.5,L03:4.8):5.6):3.7,L05:4.6):0,L04:4.3,L07:5.2);","(((L01:2.5999999999,L06:4):1.9000000001,L04:4.3):0,((L02:6.1,L03:5.2):4,L05:4.6):0,L07:5.2);",null
4,134,6.144102863722253,3,"((((L01:5.3,L06:4):4.6,(L02:3.5,L03:4.8):5.6):3.7,L05:4.6):2.375,L04:1.925,L07:2.825);","(((L01:2.6,L06:4):1.9,((L02:6.1,L03:5.2):4,L05:4.6):0):2.375,L04:1.925,L07:2.825);",null
5,30,6.144102863722253,5,"((((L01:5.3,L06:4):4.6,(L02:3.5,L03:4.8):5.6):3.7,L04:4.3):0,L05:4.6,L07:5.2);","(((L01:2.6,L06:4):1.9,L05:4.6):0,((L02:6.1,L03:5.2):4,L04:4.3):0,L07:5.2);",null
5,32,6.144102863722253,3,"((((L01:5.3,L06:4):4.6,(L02:3.5,L03:4.8):5.6):3.7,L04:4.3):2.45,L05:2.15,L07:2.75);","(((L01:2.6,L06:4):1.9,((L02:6.1,L03:5.2):4,L04:4.3):0):2.45,L05:2.15,L07:2.75);",null
5,132,6.144102863722253,5,"((((L01:5.3,L06:4):4.6,(L02:3.5,L03:4.8):5.6):3.7,L04:4.3):0,L05:4.6,L07:5.2);","(((L01:2.6000000001,L06:4):1.8999999999,L04:4.3):0,((L02:6.1,L03:5.2):4,L05:4.6):0,L07:5.2);",null
5,147,6.144102863722253,3,"((((L01:5.3,L06:4):4.6,(L02:3.5,L03:4.8):5.6):3.7,L04:4.3):2.45,L05:2.15,L07:2.75);","((((L01:2.6,L06:4):1.9,L04:4.3):0,(L02:6.1,L03:5.2):4):2.45,L05:2.15,L07:2.75);",null
4,16,6.144102863722254,5,"((((L01:5.3,L06:4):4.6,(L02:3.5,L03:4.8):5.6):3.7,L05:4.6):0.0000000001,L04:4.2999999999,L07:5.2);","((L01:2.6,L06:4):1.9,(((L02:6.1,L03:5.2):4,L04:4.2999999999):0,L05:4.6):0,L07:5.2);",null
4,30,6.144102863722254,5,"((((L01:5.3,L06:4):4.6,(L02:3.5,L03:4.8):5.6):3.7,L05:4.6):0,L04:4.3,L07:5.2);","(((L01:2.5999999999,L06:4):1.9000000001,L05:4.6):0,((L02:6.1,L03:5.2):4,L04:4.3):0,L07:5.2);",null
4,42,6.144102863722254,5,"((((L01:5.3,L06:4):4.6,(L02:3.5,L03:4.8):5.6):3.7,L05:4.6):0,L04:4.3,L07:5.2);","((((L01:2.5999999999,L06:4):1.9000000001,L05:4.6):0,L04:4.3):0,(L02:6.1,L03:5.2):4,L07:5.2);",null
4,116,6.144102863722254,5,"((((L01:5.3,L06:4):4.6,(L02:3.5,L03:4.8):5.6):3.7,L05:4.6):0.0000000001,L04:4.2999999999,L07:5.2);","((L01:2.6,L06:4):1.9,(((L02:6.1,L03:5.2):4,L05:4.6):0,L04:4.2999999999):0,L07:5.2);",null
4,144,6.144102863722254,5,"((((L01:5.3,L06:4):4.6,(L02:3.5,L03:4.8):5.6):3.7,L05:4.6):0,L04:4.3,L07:5.2);","((((L01:2.5999999999,L06:4):1.9000000001,L04:4.3):0,L05:4.6):0,(L02:6.1,L03:5.2):4,L07:5.2);",null
4,147,6.144102863722254,5,"((((L01:5.3,L06:4):4.6,(L02:3.5,L03:4.8):5.6):3.7,L05:4.6):0,L04:4.3,L07:5.2);","((((L01:2.6,L06:4):1.9,L04:4.3):0,(L02:6.1,L03:5.2):4):0,L05:4.6,L07:5.2);",null
5,16,6.144102863722254,5,"((((L01:5.3,L06:4):4.6,(L02:3.5,L03:4.8):5.6):3.7,L04:4.3):0,L05:4.6,L07:5.2);","((L01:2.6000000001,L06:4):1.8999999999,(((L02:6.1,L03:5.2):4,L04:4.3):0,L05:4.6):0,L07:5.2);",null
5,42,6.144102863722254,5,"((((L01:5.3,L06:4):4.6,(L02:3.5,L03:4.8):5.6):3.7,L04:4.3):0,L05:4.6,L07:5.2);","((((L01:2.5999999999,L06:4):1.9000000001,L05:4.6):0,L04:4.3):0,(L02:6.1,L03:5.2):4,L07:5.2);",null
5,45,6.144102863722254,4,"((((L01:5.3,L06:4):4.6,(L02:3.5,L03:4.8):5.6):3.7,L04:4.3):0.0000000001,L05:4.5999999999,L07:5.2);","(((L01:2.6,L06:4):1.9,L04:4.3,L05:4.5999999999):0,(L02:6.1,L03:5.2):4,L07:5.2);",null
5,47,6.144102863722254,5,"((((L01:5.3,L06:4):4.6,(L02:3.5,L03:4.8):5.6):3.7,L04:4.3):0,L05:4.6,L07:5.2);","((((L01:2.6,L06:4):1.9,L05:4.6):0,(L02:6.1,L03:5.2):4):0,L04:4.3,L07:5.2);",null
5,116,6.144102863722254,5,"((((L01:5.3,L06:4):4.6,(L02:3.5,L03:4.8):5.6):3.7,L04:4.3):0,L05:4.6,L07:5.2);","((L01:2.6000000001,L06:4):1.8999999999,(((L02:6.1,L03:5.2):4,L05:4.6):0,L04:4.3):0,L07:5.2);",null
5,117,6.144102863722254,4,"((((L01:5.3,L06:4):4.6,(L02:3.5,L03:4.8):5.6):3.7,L04:4.3):0.0000000001,L05:4.5999999999,L07:5.2);","((L01:2.6,L06:4):1.9,((L02:6.1,L03:5.2):4,L04:4.3,L05:4.5999999999):0,L07:5.2);",null
5,134,6.144102863722254,5,"((((L01:5.3,L06:4):4.6,(L02:3.5,L03:4.8):5.6):3.7,L04:4.3):0,L05:4.6,L07:5.2);","(((L01:2.6,L06:4):1.9,((L02:6.1,L03:5.2):4,L05:4.6):0):0,L04:4.3,L07:5.2);",null
5,144,6.144102863722254,5,"((((L01:5.3,L06:4):4.6,(L02:3.5,L03:4.8):5.6):3.7,L04:4.3):0,L05:4.6,L07:5.2);","((((L01:2.5999999999,L06:4):1.9000000001,L04:4.3):0,L05:4.6):0,(L02:6.1,L03:5.2):4,L07:5.2);",null
3,98,6.174544517614233,4,"(((L01:5.3,L06:4):4.6,(L02:3.5,L03:4.8):5.6):1.85,(L04:4.3,L05:4.6):1.85,L07:5.2);","((((L02:6.1,L03:5.2):4,L01:4.5):0,L05:4.6,L06:4):0,L04:4.3,L07:5.2);",null
3,200,6.174544517614233,4,"(((L01:5.3,L06:4):4.6,(L02:3.5,L03:4.8):5.6):1.85,(L04:4.3,L05:4.6):1.85,L07:5.2);","((((L02:6.1,L03:5.2):4,L01:4.5):0,L04:4.3,L06:4):0,L05:4.6,L07:5.2);",null
3,0,6.174544517614234,4,"(((L01:5.3,L06:4):4.6,(L02:3.5,L03:4.8):5.6):1.85,(L04:4.3,L05:4.6):1.85,L07:5.2);","(((((L02:6.1,L03:5.2):4,L04:4.3):0,L05:4.6):0,L06:4):0,L01:4.5,L07:5.2);",null
3,17,6.174544517614234,5,"(((L01:5.3,L06:4):4.6,(L02:3.5,L03:4.8):5.6):1.85,(L04:4.3,L05:4.6):1.85,L07:5.2);","(((((L02:6.1,L03:5.2):4,L04:4.3):0,L05:4.6):0,L01:4.5):0,L06:4,L07:5.2);",null
3,31,6.174544517614234,3,"(((L01:5.3,L06:4):4.6,(L02:3.5,L03:4.8):5.6):1.85,(L04:4.3,L05:4.6):1.85,L07:5.2);","((L01:4.5,L05:4.6,L06:4):0,((L02:6.1,L03:5.2):4,L04:4.3):0,L07:5.2);",null
3,33,6.174544517614234,5,"(((L01:5.3,L06:4):4.6,(L02:3.5,L03:4.8):5.6):1.85,(L04:4.3,L05:4.6):1.85,L07:5.2);","(((((L02:6.1,L03:5.2):4,L04:4.3):0,L01:4.5):0,L06:4):0,L05:4.6,L07:5.2);",null
3,43,6.174544517614234,3,"(((L01:5.3,L06:4):4.6,(L02:3.5,L03:4.8):5.6):1.85,(L04:4.3,L05:4.6):1.85,L07:5.2);","(((L01:4.5,L05:4.6,L06:4):0,L04:4.3):0,(L02:6.1,L03:5.2):4,L07:5.2);",null
3,44,6.174544517614234,3,"(((L01:5.3,L06:4):4.6,(L02:3.5,L03:4.8):5.6):1.8499999999,(L04:4.3,L05:4.6):1.8500000001,L07:5.2);","((L01:4.5,L04:4.3,L05:4.6,L06:4):0,(L02:6.1,L03:5.2):4,L07:5.2);",null
3,48,6.174544517614234,4,"(((L01:5.3,L06:4):4.6,(L02:3.5,L03:4.8):5.6):1.85,(L04:4.3,L05:4.6):1.85,L07:5.2);","(((L01:4.5,L05:4.6,L06:4):0,(L02:6.1,L03:5.2):4):0,L04:4.3,L07:5.2);",null
3,51,6.174544517614234,4,"(((L01:5.3,L06:4):4.6,(L02:3.5,L03:4.8):5.6):1.85,(L04:4.3,L05:4.6):1.85,L07:5.2);","(((((L02:6.1,L03:5.2):4,L04:4.3):0,L06:4):0,L05:4.6):0,L01:4.5,L07:5.2);",null
3,52,6.174544517614234,3,"(((L01:5.3,L06:4):4.6,(L02:3.5,L03:4.8):5.6):1.85,(L04:4.3,L05:4.6):1.85,L07:5.2);","((((L02:6.1,L03:5.2):4,L04:4.3):0,L05:4.6,L06:4):0,L01:4.5,L07:5.2);",null
3,67,6.174544517614234,4,"(((L01:5.3,L06:4):4.6,(L02:3.5,L03:4.8):5.6):1.85,(L04:4.3,L05:4.6):1.85,L07:5.2);","((L01:4.5,L05:4.6):0,(((L02:6.1,L03:5.2):4,L04:4.3):0,L06:4):0,L07:5.2);",null
3,68,6.174544517614234,5,"(((L01:5.3,L06:4):4.6,(L02:3.5,L03:4.8):5.6):1.8500000001,(L04:4.3,L05:4.6):1.8499999999,L07:5.2);","(((((L02:6.1,L03:5.2):4,L04:4.3):0,L06:4):0,L01:4.5):0,L05:4.6,L07:5.2);",null
3,81,6.174544517614234,4,"(((L01:5.3,L06:4):4.6,(L02:3.5,L03:4.8):5.6):1.85,(L04:4.3,L05:4.6):1.85,L07:5.2);","(((L01:4.5,L05:4.6):0,L06:4):0,((L02:6.1,L03:5.2):4,L04:4.3):0,L07:5.2);",null
3,82,6.174544517614234,5,"(((L01:5.3,L06:4):4.6,(L02:3.5,L03:4.8):5.6):1.85,(L04:4.3,L05:4.6):1.85,L07:5.2);","(((L01:4.5,L05:4.6):0,((L02:6.1,L03:5.2):4,L04:4.3):0):0,L06:4,L07:5.2);",null
3,83,6.174544517614234,3,"(((L01:5.3,L06:4):4.6,(L02:3.5,L03:4.8):5.6):1.85,(L04:4.3,L05:4.6):1.85,L07:5.2);","(((((L02:6.1,L03:5.2):4,L04:4.3):0,L01:4.5):0,L05:4.6):0,L06:4,L07:5.2);",null
3,84,6.174544517614234,3,"(((L01:5.3,L06:4):4.6,(L02:3.5,L03:4.8):5.6):1.85,(L04:4.3,L05:4.6):1.85,L07:5.2);","((((L02:6.1,L03:5.2):4,L04:4.3):0,L01:4.5):0,L05:4.6,L06:4,L07:5.2);",null
3,93,6.174544517614234,4,"(((L01:5.3,L06:4):4.6,(L02:3.5,L03:4.8):5.6):1.85,(L04:4.3,L05:4.6):1.85,L07:5.2);","((((L01:4.5,L05:4.6):0,L06:4):0,L04:4.3):0,(L02:6.1,L03:5.2):4,L07:5.2);",null
3,94,6.174544517614234,4,"(((L01:5.3,L06:4):4.6,(L02:3.5,L03:4.8):5.6):1.85,(L04:4.3,L05:4.6):1.85,L07:5.2);","(((L01:4.5,L05:4.6):0,L04:4.3,L06:4):0,(L02:6.1,L03:5.2):4,L07:5.2);",null
3,95,6.174544517614234,5,"(((L01:5.3,L06:4):4.6,(L02:3.5,L03:4.8):5.6):1.85,(L04:4.3,L05:4.6):1.85,L07:5.2);","((((L01:4.5,L05:4.6):0,L06:4):0,(L02:6.1,L03:5.2):4):0,L04:4.3,L07:5.2);",null
3,96,6.174544517614234,5,"(((L01:5.3,L06:4):4.6,(L02:3.5,L03:4.8):5.6):1.85,(L04:4.3,L05:4.6):1.85,L07:5.2);","((((L01:4.5,L05:4.6):0,(L02:6.1,L03:5.2):4):0,L06:4):0,L04:4.3,L07:5.2);",null
3,97,6.174544517614234,4,"(((L01:5.3,L06:4):4.6,(L02:3.5,L03:4.8):5.6):1.85,(L04:4.3,L05:4.6):1.85,L07:5.2);","(((((L02:6.1,L03:5.2):4,L01:4.5):0,L05:4.6):0,L06:4):0,L04:4.3,L07:5.2);",null
3,99,6.174544517614234,4,"(((L01:5.3,L06:4):4.6,(L02:3.5,L03:4.8):5.6):1.85,(L04:4.3,L05:4.6):1.85,L07:5.2);","(((((L02:6.1,L03:5.2):4,L05:4.6):0,L04:4.3):0,L06:4):0,L01:4.5,L07:5.2);",null
3,118,6.174544517614234,5,"(((L01:5.3,L06:4):4.6,(L02:3.5,L03:4.8):5.6):1.85,(L04:4.3,L05:4.6):1.85,L07:5.2);","(((((L02:6.1,L03:5.2):4,L05:4.6):0,L04:4.3):0,L01:4.5):0,L06:4,L07:5.2);",null
3,133,6.174544517614234,3,"(((L01:5.3,L06:4):4.6,(L02:3.5,L03:4.8):5.6):1.85,(L04:4.3,L05:4.6):1.85,L07:5.2);","((L01:4.5,L04:4.3,L06:4):0,((L02:6.1,L03:5.2):4,L05:4.6):0,L07:5.2);",null
3,135,6.174544517614234,5,"(((L01:5.3,L06:4):4.6,(L02:3.5,L03:4.8):5.6):1.85,(L04:4.3,L05:4.6):1.85,L07:5.2);","(((((L02:6.1,L03:5.2):4,L05:4.6):0,L01:4.5):0,L06:4):0,L04:4.3,L07:5.2);",null
3,145,6.174544517614234,3,"(((L01:5.3,L06:4):4.6,(L02:3.5,L03:4.8):5.6):1.85,(L04:4.3,L05:4.6):1.85,L07:5.2);","(((L01:4.5,L04:4.3,L06:4):0,L05:4.6):0,(L02:6.1,L03:5.2):4,L07:5.2);",null
3,146,6.174544517614234,3,"(((L01:5.3,L06:4):4.6,(L02:3.5,L03:4.8):5.6):1.8499999999,(L04:4.3,L05:4.6):1.8500000001,L07:5.2);","((L01:4.5,L04:4.3,L05:4.6,L06:4):0,(L02:6.1,L03:5.2):4,L07:5.2);",null
3,148,6.174544517614234,4,"(((L01:5.3,L06:4):4.6,(L02:3.5,L03:4.8):5.6):1.85,(L04:4.3,L05:4.6):1.85,L07:5.2);","(((L01:4.5,L04:4.3,L06:4):0,(L02:6.1,L03:5.2):4):0,L05:4.6,L07:5.2);",null
3,153,6.174544517614234,4,"(((L01:5.3,L06:4):4.6,(L02:3.5,L03:4.8):5.6):1.85,(L04:4.3,L05:4.6):1.85,L07:5.2);","(((((L02:6.1,L03:5.2):4,L05:4.6):0,L06:4):0,L04:4.3):0,L01:4.5,L07:5.2);",null
3,154,6.174544517614234,3,"(((L01:5.3,L06:4):4.6,(L02:3.5,L03:4.8):5.6):1.85,(L04:4.3,L05:4.6):1.85,L07:5.2);","((((L02:6.1,L03:5.2):4,L05:4.6):0,L04:4.3,L06:4):0,L01:4.5,L07:5.2);",null
3,169,6.174544517614234,4,"(((L01:5.3,L06:4):4.6,(L02:3.5,L03:4.8):5.6):1.85,(L04:4.3,L05:4.6):1.85,L07:5.2);","((L01:4.5,L04:4.3):0,(((L02:6.1,L03:5.2):4,L05:4.6):0,L06:4):0,L07:5.2);",null
3,170,6.174544517614234,5,"(((L01:5.3,L06:4):4.6,(L02:3.5,L03:4.8):5.6):1.8500000001,(L04:4.3,L05:4.6):1.8499999999,L07:5.2);","(((((L02:6.1,L03:5.2):4,L05:4.6):0,L06:4):0,L01:4.5):0,L04:4.3,L07:5.2);",null
3,183,6.174544517614234,4,"(((L01:5.3,L06:4):4.6,(L02:3.5,L03:4.8):5.6):1.85,(L04:4.3,L05:4.6):1.85,L07:5.2);","(((L01:4.5,L04:4.3):0,L06:4):0,((L02:6.1,L03:5.2):4,L05:4.6):0,L07:5.2);",null
3,184,6.174544517614234,5,"(((L01:5.3,L06:4):4.6,(L02:3.5,L03:4.8):5.6):1.85,(L04:4.3,L05:4.6):1.85,L07:5.2);","(((L01:4.5,L04:4.3):0,((L02:6.1,L03:5.2):4,L05:4.6):0):0,L06:4,L07:5.2);",null
3,185,6.174544517614234,3,"(((L01:5.3,L06:4):4.6,(L02:3.5,L03:4.8):5.6):1.85,(L04:4.3,L05:4.6):1.85,L07:5.2);","(((((L02:6.1,L03:5.2):4,L05:4.6):0,L01:4.5):0,L04:4.3):0,L06:4,L07:5.2);",null
3,186,6.174544517614234,3,"(((L01:5.3,L06:4):4.6,(L02:3.5,L03:4.8):5.6):1.85,(L04:4.3,L05:4.6):1.85,L07:5.2);","((((L02:6.1,L03:5.2):4,L05:4.6):0,L01:4.5):0,L04:4.3,L06:4,L07:5.2);",null
3,195,6.174544517614234,4,"(((L01:5.3,L06:4):4.6,(L02:3.5,L03:4.8):5.6):1.85,(L04:4.3,L05:4.6):1.85,L07:5.2);","((((L01:4.5,L04:4.3):0,L06:4):0,L05:4.6):0,(L02:6.1,L03:5.2):4,L07:5.2);",null
3,196,6.174544517614234,4,"(((L01:5.3,L06:4):4.6,(L02:3.5,L03:4.8):5.6):1.85,(L04:4.3,L05:4.6):1.85,L07:5.2);","(((L01:4.5,L04:4.3):0,L05:4.6,L06:4):0,(L02:6.1,L03:5.2):4,L07:5.2);",null
3,197,6.174544517614234,5,"(((L01:5.3,L06:4):4.6,(L02:3.5,L03:4.8):5.6):1.85,(L04:4.3,L05:4.6):1.85,L07:5.2);","((((L01:4.5,L04:4.3):0,L06:4):0,(L02:6.1,L03:5.2):4):0,L05:4.6,L07:5.2);",null
3,198,6.174544517614234,5,"(((L01:5.3,L06:4):4.6,(L02:3.5,L03:4.8):5.6):1.85,(L04:4.3,L05:4.6):1.85,L07:5.2);","((((L01:4.5,L04:4.3):0,(L02:6.1,L03:5.2):4):0,L06:4):0,L05:4.6,L07:5.2);",null
3,199,6.174544517614234,4,"(((L01:5.3,L06:4):4.6,(L02:3.5,L03:4.8):5.6):1.85,(L04:4.3,L05:4.6):1.85,L07:5.2);","(((((L02:6.1,L03:5.2):4,L01:4.5):0,L04:4.3):0,L06:4):0,L05:4.6,L07:5.2);",null
3,201,6.174544517614234,4,"(((L01:5.3,L06:4):4.6,(L02:3.5,L03:4.8):5.6):1.85,(L04:4.3,L05:4.6):1.85,L07:5.2);","(((((L02:6.1,L03:5.2):4,L06:4):0,L04:4.3):0,L05:4.6):0,L01:4.5,L07:5.2);",null
3,202,6.174544517614234,3,"(((L01:5.3,L06:4):4.6,(L02:3.5,L03:4.8):5.6):1.85,(L04:4.3,L05:4.6):1.85,L07:5.2);","((((L02:6.1,L03:5.2):4,L04:4.3,L06:4):0,L05:4.6):0,L01:4.5,L07:5.2);",null
3,203,6.174544517614234,3,"(((L01:5.3,L06:4):4.6,(L02:3.5,L03:4.8):5.6):1.85,(L04:4.3,L05:4.6):1.85,L07:5.2);","(((L02:6.1,L03:5.2):4,L04:4.3,L05:4.6,L06:4):0,L01:4.5,L07:5.2);",null
3,219,6.174544517614234,4,"(((L01:5.3,L06:4):4.6,(L02:3.5,L03:4.8):5.6):1.85,(L04:4.3,L05:4.6):1.85,L07:5.2);","((L01:4.5,L05:4.6):0,(((L02:6.1,L03:5.2):4,L06:4):0,L04:4.3):0,L07:5.2);",null
3,220,6.174544517614234,3,"(((L01:5.3,L06:4):4.6,(L02:3.5,L03:4.8):5.6):1.85,(L04:4.3,L05:4.6):1.85,L07:5.2);","((L01:4.5,L05:4.6):0,((L02:6.1,L03:5.2):4,L04:4.3,L06:4):0,L07:5.2);",null
3,221,6.174544517614234,6,"(((L01:5.3,L06:4):4.6,(L02:3.5,L03:4.8):5.6):1.85,(L04:4.3,L05:4.6):1.85,L07:5.2);","(((((L02:6.1,L03:5.2):4,L06:4):0,L04:4.3):0,L01:4.5):0,L05:4.6,L07:5.2);",null
3,222,6.174544517614234,4,"(((L01:5.3,L06:4):4.6,(L02:3.5,L03:4.8):5.6):1.8499999999,(L04:4.3,L05:4.6):1.8500000001,L07:5.2);","((((L02:6.1,L03:5.2):4,L04:4.3,L06:4):0,L01:4.5):0,L05:4.6,L07:5.2);",null
3,235,6.174544517614234,4,"(((L01:5.3,L06:4):4.6,(L02:3.5,L03:4.8):5.6):1.85,(L04:4.3,L05:4.6):1.85,L07:5.2);","(((L01:4.5,L05:4.6):0,L04:4.3):0,((L02:6.1,L03:5.2):4,L06:4):0,L07:5.2);",null
3,237,6.174544517614234,5,"(((L01:5.3,L06:4):4.6,(L02:3.5,L03:4.8):5.6):1.8500000001,(L04:4.3,L05:4.6):1.8499999999,L07:5.2);","(((L01:4.5,L05:4.6):0,((L02:6.1,L03:5.2):4,L06:4):0):0,L04:4.3,L07:5.2);",null
3,247,6.174544517614234,5,"(((L01:5.3,L06:4):4.6,(L02:3.5,L03:4.8):5.6):1.85,(L04:4.3,L05:4.6):1.85,L07:5.2);","((((L01:4.5,L05:4.6):0,L04:4.3):0,L06:4):0,(L02:6.1,L03:5.2):4,L07:5.2);",null
3,249,6.174544517614234,5,"(((L01:5.3,L06:4):4.6,(L02:3.5,L03:4.8):5.6):1.85,(L04:4.3,L05:4.6):1.85,L07:5.2);","((((L01:4.5,L05:4.6):0,L04:4.3):0,(L02:6.1,L03:5.2):4):0,L06:4,L07:5.2);",null
3,251,6.174544517614234,3,"(((L01:5.3,L06:4):4.6,(L02:3.5,L03:4.8):5.6):1.85,(L04:4.3,L05:4.6):1.85,L07:5.2);","((((L01:4.5,L05:4.6):0,(L02:6.1,L03:5.2):4):0,L04:4.3):0,L06:4,L07:5.2);",null
3,252,6.174544517614234,3,"(((L01:5.3,L06:4):4.6,(L02:3.5,L03:4.8):5.6):1.85,(L04:4.3,L05:4.6):1.85,L07:5.2);","(((L01:4.5,L05:4.6):0,(L02:6.1,L03:5.2):4):0,L04:4.3,L06:4,L07:5.2);",null
3,253,6.174544517614234,2,"(((L01:5.3,L06:4):4.6,(L02:3.5,L03:4.8):5.6):1.85,(L04:4.3,L05:4.6):1.85,L07:5.2);","(((((L02:6.1,L03:5.2):4,L01:4.5):0,L05:4.6):0,L04:4.3):0,L06:4,L07:5.2);",null
3,254,6.174544517614234,3,"(((L01:5.3,L06:4):4.6,(L02:3.5,L03:4.8):5.6):1.85,(L04:4.3,L05:4.6):1.85,L07:5.2);","((((L02:6.1,L03:5.2):4,L01:4.5):0,L05:4.6):0,L04:4.3,L06:4,L07:5.2);",null
3,255,6.174544517614234,2,"(((L01:5.3,L06:4):4.6,(L02:3.5,L03:4.8):5.6):1.85,(L04:4.3,L05:4.6):1.85,L07:5.2);","(((L02:6.1,L03:5.2):4,L01:4.5):0,L04:4.3,L05:4.6,L06:4,L07:5.2);",null
3,256,6.174544517614234,4,"(((L01:5.3,L06:4):4.6,(L02:3.5,L03:4.8):5.6):1.85,(L04:4.3,L05:4.6):1.85,L07:5.2);","(((((L02:6.1,L03:5.2):4,L06:4):0,L05:4.6):0,L04:4.3):0,L01:4.5,L07:5.2);",null
3,257,6.174544517614234,3,"(((L01:5.3,L06:4):4.6,(L02:3.5,L03:4.8):5.6):1.85,(L04:4.3,L05:4.6):1.85,L07:5.2);","((((L02:6.1,L03:5.2):4,L05:4.6,L06:4):0,L04:4.3):0,L01:4.5,L07:5.2);",null
3,258,6.174544517614234,3,"(((L01:5.3,L06:4):4.6,(L02:3.5,L03:4.8):5.6):1.85,(L04:4.3,L05:4.6):1.85,L07:5.2);","(((L02:6.1,L03:5.2):4,L04:4.3,L05:4.6,L06:4):0,L01:4.5,L07:5.2);",null
3,278,6.174544517614234,4,"(((L01:5.3,L06:4):4.6,(L02:3.5,L03:4.8):5.6):1.85,(L04:4.3,L05:4.6):1.85,L07:5.2);","((L01:4.5,L04:4.3):0,(((L02:6.1,L03:5.2):4,L06:4):0,L05:4.6):0,L07:5.2);",null
3,279,6.174544517614234,3,"(((L01:5.3,L06:4):4.6,(L02:3.5,L03:4.8):5.6):1.85,(L04:4.3,L05:4.6):1.85,L07:5.2);","((L01:4.5,L04:4.3):0,((L02:6.1,L03:5.2):4,L05:4.6,L06:4):0,L07:5.2);",null
3,280,6.174544517614234,6,"(((L01:5.3,L06:4):4.6,(L02:3.5,L03:4.8):5.6):1.85,(L04:4.3,L05:4.6):1.85,L07:5.2);","(((((L02:6.1,L03:5.2):4,L06:4):0,L05:4.6):0,L01:4.5):0,L04:4.3,L07:5.2);",null
3,281,6.174544517614234,4,"(((L01:5.3,L06:4):4.6,(L02:3.5,L03:4.8):5.6):1.8499999999,(L04:4.3,L05:4.6):1.8500000001,L07:5.2);","((((L02:6.1,L03:5.2):4,L05:4.6,L06:4):0,L01:4.5):0,L04:4.3,L07:5.2);",null
3,294,6.174544517614234,4,"(((L01:5.3,L06:4):4.6,(L02:3.5,L03:4.8):5.6):1.85,(L04:4.3,L05:4.6):1.85,L07:5.2);","(((L01:4.5,L04:4.3):0,L05:4.6):0,((L02:6.1,L03:5.2):4,L06:4):0,L07:5.2);",null
3,295,6.174544517614234,5,"(((L01:5.3,L06:4):4.6,(L02:3.5,L03:4.8):5.6):1.8500000001,(L04:4.3,L05:4.6):1.8499999999,L07:5.2);","(((L01:4.5,L04:4.3):0,((L02:6.1,L03:5.2):4,L06:4):0):0,L05:4.6,L07:5.2);",null
3,306,6.174544517614234,5,"(((L01:5.3,L06:4):4.6,(L02:3.5,L03:4.8):5.6):1.85,(L04:4.3,L05:4.6):1.85,L07:5.2);","((((L01:4.5,L04:4.3):0,L05:4.6):0,L06:4):0,(L02:6.1,L03:5.2):4,L07:5.2);",null
3,307,6.174544517614234,5,"(((L01:5.3,L06:4):4.6,(L02:3.5,L03:4.8):5.6):1.85,(L04:4.3,L05:4.6):1.85,L07:5.2);","((((L01:4.5,L04:4.3):0,L05:4.6):0,(L02:6.1,L03:5.2):4):0,L06:4,L07:5.2);",null
3,308,6.174544517614234,3,"(((L01:5.3,L06:4):4.6,(L02:3.5,L03:4.8):5.6):1.85,(L04:4.3,L05:4.6):1.85,L07:5.2);","((((L01:4.5,L04:4.3):0,(L02:6.1,L03:5.2):4):0,L05:4.6):0,L06:4,L07:5.2);",null
3,309,6.174544517614234,3,"(((L01:5.3,L06:4):4.6,(L02:3.5,L03:4.8):5.6):1.85,(L04:4.3,L05:4.6):1.85,L07:5.2);","(((L01:4.5,L04:4.3):0,(L02:6.1,L03:5.2):4):0,L05:4.6,L06:4,L07:5.2);",null
3,310,6.174544517614234,2,"(((L01:5.3,L06:4):4.6,(L02:3.5,L03:4.8):5.6):1.85,(L04:4.3,L05:4.6):1.85,L07:5.2);","(((((L02:6.1,L03:5.2):4,L01:4.5):0,L04:4.3):0,L05:4.6):0,L06:4,L07:5.2);",null
3,311,6.174544517614234,3,"(((L01:5.3,L06:4):4.6,(L02:3.5,L03:4.8):5.6):1.85,(L04:4.3,L05:4.6):1.85,L07:5.2);","((((L02:6.1,L03:5.2):4,L01:4.5):0,L04:4.3):0,L05:4.6,L06:4,L07:5.2);",null
3,312,6.174544517614234,2,"(((L01:5.3,L06:4):4.6,(L02:3.5,L03:4.8):5.6):1.85,(L04:4.3,L05:4.6):1.85,L07:5.2);","(((L02:6.1,L03:5.2):4,L01:4.5):0,L04:4.3,L05:4.6,L06:4,L07:5.2);",null
7,6,6.241794613730893,4,"((((L04:4.3,L05:4.6):3.7,(L02:3.5,L03:4.8):5.6):4.6,L06:4):0.4,L01:4.9,L07:5.2);","(((((L04:4.3,L05:4.6):3.7,L03:5.2):0,L02:6.1):4,L06:4):0,L01:4.5,L07:5.2);",null
7,27,6.241794613730893,4,"((((L04:4.3,L05:4.6):3.7,(L02:3.5,L03:4.8):5.6):4.6,L06:4):0.4,L01:4.9,L07:5.2);","((L01:4.5,L06:4):0,(((L04:4.3,L05:4.6):3.7,L03:5.2):0,L02:6.1):4,L07:5.2);",null
7,29,6.241794613730893,6,"((((L04:4.3,L05:4.6):3.7,(L02:3.5,L03:4.8):5.6):4.6,L06:4):0.4,L01:4.9,L07:5.2);","(((((L04:4.3,L05:4.6):3.7,L03:5.2):0,L02:6.1):4,L01:4.5):0,L06:4,L07:5.2);",null
7,104,6.241794613730893,4,"((((L04:4.3,L05:4.6):3.7,(L02:3.5,L03:4.8):5.6):4.6,L06:4):0.4,L01:4.9,L07:5.2);","(((((L04:4.3,L05:4.6):3.7,L02:6.1):0,L03:5.2):4,L06:4):0,L01:4.5,L07:5.2);",null
7,125,6.241794613730893,4,"((((L04:4.3,L05:4.6):3.7,(L02:3.5,L03:4.8):5.6):4.6,L06:4):0.4,L01:4.9,L07:5.2);","((L01:4.5,L06:4):0,(((L04:4.3,L05:4.6):3.7,L02:6.1):0,L03:5.2):4,L07:5.2);",null
7,127,6.241794613730893,6,"((((L04:4.3,L05:4.6):3.7,(L02:3.5,L03:4.8):5.6):4.6,L06:4):0.4,L01:4.9,L07:5.2);","(((((L04:4.3,L05:4.6):3.7,L02:6.1):0,L03:5.2):4,L01:4.5):0,L06:4,L07:5.2);",null
6,6,6.252999280345391,4,"((L01:5.3,L06:4):0.3,((L04:4.3,L05:4.6):3.7,(L02:3.5,L03:4.8):5.6):4.3,L07:5.2);","(((((L04:4.3,L05:4.6):3.7,L03:5.2):0,L02:6.1):4,L06:4):0,L01:4.5,L07:5.2);",null
6,104,6.252999280345391,4,"((L01:5.3,L06:4):0.3,((L04:4.3,L05:4.6):3.7,(L02:3.5,L03:4.8):5.6):4.3,L07:5.2);","(((((L04:4.3,L05:4.6):3.7,L02:6.1):0,L03:5.2):4,L06:4):0,L01:4.5,L07:5.2);",null
6,27,6.252999280345392,4,"((L01:5.3,L06:4):0.3,((L04:4.3,L05:4.6):3.7,(L02:3.5,L03:4.8):5.6):4.3,L07:5.2);","((L01:4.5,L06:4):0,(((L04:4.3,L05:4.6):3.7,L03:5.2):0,L02:6.1):4,L07:5.2);",null
6,29,6.252999280345392,6,"((L01:5.3,L06:4):0.3,((L04:4.3,L05:4.6):3.7,(L02:3.5,L03:4.8):5.6):4.3,L07:5.2);","(((((L04:4.3,L05:4.6):3.7,L03:5.2):0,L02:6.1):4,L01:4.5):0,L06:4,L07:5.2);",null
6,125,6.252999280345392,4,"((L01:5.3,L06:4):0.3,((L04:4.3,L05:4.6):3.7,(L02:3.5,L03:4.8):5.6):4.3,L07:5.2);","((L01:4.5,L06:4):0,(((L04:4.3,L05:4.6):3.7,L02:6.1):0,L03:5.2):4,L07:5.2);",null
6,127,6.252999280345392,6,"((L01:5.3,L06:4):0.3,((L04:4.3,L05:4.6):3.7,(L02:3.5,L03:4.8):5.6):4.3,L07:5.2);","(((((L04:4.3,L05:4.6):3.7,L02:6.1):0,L03:5.2):4,L01:4.5):0,L06:4,L07:5.2);",null
8,6,6.267375846396959,4,"((((L04:4.3,L05:4.6):3.7,(L02:3.5,L03:4.8):5.6):4.6,L01:5.3):0,L06:4,L07:5.2);","(((((L04:4.3,L05:4.6):3.7,L03:5.2):0,L02:6.1):4,L06:4):0,L01:4.5,L07:5.2);",null
8,27,6.267375846396959,4,"((((L04:4.3,L05:4.6):3.7,(L02:3.5,L03:4.8):5.6):4.6,L01:5.3):0,L06:4,L07:5.2);","((L01:4.5,L06:4):0,(((L04:4.3,L05:4.6):3.7,L03:5.2):0,L02:6.1):4,L07:5.2);",null
8,29,6.267375846396959,3,"((((L04:4.3,L05:4.6):3.7,(L02:3.5,L03:4.8):5.6):4.6,L01:5.3):2.3,L06:1.7,L07:2.9);","(((((L04:4.3,L05:4.6):3.7,L03:5.2):0,L02:6.1):4,L01:4.5):2.3,L06:1.7,L07:2.9);",null
8,104,6.267375846396959,4,"((((L04:4.3,L05:4.6):3.7,(L02:3.5,L03:4.8):5.6):4.6,L01:5.3):0,L06:4,L07:5.2);","(((((L04:4.3,L05:4.6):3.7,L02:6.1):0,L03:5.2):4,L06:4):0,L01:4.5,L07:5.2);",null
8,125,6.267375846396959,4,"((((L04:4.3,L05:4.6):3.7,(L02:3.5,L03:4.8):5.6):4.6,L01:5.3):0,L06:4,L07:5.2);","((L01:4.5,L06:4):0,(((L04:4.3,L05:4.6):3.7,L02:6.1):0,L03:5.2):4,L07:5.2);",null
8,127,6.267375846396959,3,"((((L04:4.3,L05:4.6):3.7,(L02:3.5,L03:4.8):5.6):4.6,L01:5.3):2.3,L06:1.7,L07:2.9);","(((((L04:4.3,L05:4.6):3.7,L02:6.1):0,L03:5.2):4,L01:4.5):2.3,L06:1.7,L07:2.9);",null
7,0,6.336402764976355,4,"((((L04:4.3,L05:4.6):3.7,(L02:3.5,L03:4.8):5.6):4.6,L06:4):0.4,L01:4.9,L07:5.2);","(((((L02:6.1,L03:5.2):2.5,L04:4.3):0,L05:4.6):1.5,L06:4):0,L01:4.5,L07:5.2);",null
7,16,6.336402764976355,4,"((((L04:4.3,L05:4.6):3.7,(L02:3.5,L03:4.8):5.6):4.6,L06:4):0.4,L01:4.9,L07:5.2);","((L01:4.5,L06:4):0,(((L02:6.1,L03:5.2):2.5,L04:4.3):0,L05:4.6):1.5,L07:5.2);",null
7,17,6.336402764976355,7,"((((L04:4.3,L05:4.6):3.7,(L02:3.5,L03:4.8):5.6):4.6,L06:4):0.4,L01:4.9,L07:5.2);","(((((L02:6.1,L03:5.2):2.5,L04:4.3):0,L05:4.6):1.5,L01:4.5):0,L06:4,L07:5.2);",null
7,99,6.336402764976355,4,"((((L04:4.3,L05:4.6):3.7,(L02:3.5,L03:4.8):5.6):4.6,L06:4):0.4,L01:4.9,L07:5.2);","(((((L02:6.1,L03:5.2):2.5,L05:4.6):0,L04:4.3):1.5,L06:4):0,L01:4.5,L07:5.2);",null
7,116,6.336402764976355,4,"((((L04:4.3,L05:4.6):3.7,(L02:3.5,L03:4.8):5.6):4.6,L06:4):0.4,L01:4.9,L07:5.2);","((L01:4.5,L06:4):0,(((L02:6.1,L03:5.2):2.5,L05:4.6):0,L04:4.3):1.5,L07:5.2);",null
7,118,6.336402764976355,7,"((((L04:4.3,L05:4.6):3.7,(L02:3.5,L03:4.8):5.6):4.6,L06:4):0.4,L01:4.9,L07:5.2);","(((((L02:6.1,L03:5.2):2.5,L05:4.6):0,L04:4.3):1.5,L01:4.5):0,L06:4,L07:5.2);",null
8,0,6.361603571427568,5,"((((L04:4.3,L05:4.6):3.7,(L02:3.5,L03:4.8):5.6):4.6,L01:5.3):0,L06:4,L07:5.2);","(((((L02:6.1,L03:5.2):2.5,L04:4.3):0,L05:4.6):1.5,L06:4):0,L01:4.5,L07:5.2);",null
8,16,6.361603571427568,5,"((((L04:4.3,L05:4.6):3.7,(L02:3.5,L03:4.8):5.6):4.6,L01:5.3):0,L06:4,L07:5.2);","((L01:4.5,L06:4):0,(((L02:6.1,L03:5.2):2.4999999999,L04:4.3):0,L05:4.6):1.5000000001,L07:5.2);",null
8,17,6.361603571427568,3,"((((L04:4.3,L05:4.6):3.7,(L02:3.5,L03:4.8):5.6):4.6,L01:5.3):2.3,L06:1.7,L07:2.9);","(((((L02:6.1,L03:5.2):2.5,L04:4.3):0,L05:4.6):1.5,L01:4.5):2.3,L06:1.7,L07:2.9);",null
8,99,6.361603571427568,5,"((((L04:4.3,L05:4.6):3.7,(L02:3.5,L03:4.8):5.6):4.6,L01:5.3):0,L06:4,L07:5.2);","(((((L02:6.1,L03:5.2):2.5,L05:4.6):0,L04:4.3):1.5,L06:4):0,L01:4.5,L07:5.2);",null
8,116,6.361603571427568,5,"((((L04:4.3,L05:4.6):3.7,(L02:3.5,L03:4.8):5.6):4.6,L01:5.3):0,L06:4,L07:5.2);","((L01:4.5,L06:4):0,(((L02:6.1,L03:5.2):2.4999999999,L05:4.6):0,L04:4.3):1.5000000001,L07:5.2);",null
8,118,6.361603571427568,3,"((((L04:4.3,L05:4.6):3.7,(L02:3.5,L03:4.8):5.6):4.6,L01:5.3):2.3,L06:1.7,L07:2.9);","(((((L02:6.1,L03:5.2):2.5,L05:4.6):0,L04:4.3):1.5,L01:4.5):2.3,L06:1.7,L07:2.9);",null
0,0,6.609841147864295,5,"(((L01:5.3,L06:4):4.6,(L04:4.3,L05:4.6):3.7):0.7999999998,(L02:3.5,L03:4.8):4.8000000002,L07:5.2);","(((((L02:6.1,L03:5.2):4,L04:4.3):0,L05:4.6):0,L06:4):0,L01:4.5,L07:5.2);",null
0,17,6.609841147864295,5,"(((L01:5.3,L06:4):4.6,(L04:4.3,L05:4.6):3.7):0.8,(L02:3.5,L03:4.8):4.8,L07:5.2);","(((((L02:6.1,L03:5.2):4,L04:4.3):0,L05:4.6):0,L01:4.5):0,L06:4,L07:5.2);",null
0,31,6.609841147864295,4,"(((L01:5.3,L06:4):4.6,(L04:4.3,L05:4.6):3.7):0.8,(L02:3.5,L03:4.8):4.8,L07:5.2);","((L01:4.5,L05:4.6,L06:4):0,((L02:6.1,L03:5.2):4,L04:4.3):0,L07:5.2);",null
0,33,6.609841147864295,5,"(((L01:5.3,L06:4):4.6,(L04:4.3,L05:4.6):3.7):0.8,(L02:3.5,L03:4.8):4.8,L07:5.2);","(((((L02:6.1,L03:5.2):4,L04:4.3):0,L01:4.5):0,L06:4):0,L05:4.6,L07:5.2);",null
0,43,6.609841147864295,4,"(((L01:5.3,L06:4):4.6,(L04:4.3,L05:4.6):3.7):0.8000000001,(L02:3.5,L03:4.8):4.7999999999,L07:5.2);","(((L01:4.4999999999,L05:4.6,L06:4):0,L04:4.3):0.0000000001,(L02:6.1,L03:5.2):4,L07:5.2);",null
0,44,6.609841147864295,3,"(((L01:5.3,L06:4):4.6,(L04:4.3,L05:4.6):3.7):0.7999999999,(L02:3.5,L03:4.8):4.8000000001,L07:5.2);","((L01:4.5,L04:4.3,L05:4.6,L06:4):0,(L02:6.1,L03:5.2):4,L07:5.2);",null
0,48,6.609841147864295,4,"(((L01:5.3,L06:4):4.6,(L04:4.3,L05:4.6):3.7):0.8,(L02:3.5,L03:4.8):4.8,L07:5.2);","(((L01:4.5,L05:4.6,L06:4):0,(L02:6.1,L03:5.2):4):0,L04:4.3,L07:5.2);",null
0,50,6.609841147864295,5,"(((L01:5.3,L06:4):4.6,(L04:4.3,L05:4.6):3.7):0.8,(L02:3.5,L03:4.8):4.8,L07:5.2);","(((((L02:6.1,L03:5.2):4,L01:4.5):0,L06:4):0,L05:4.6):0,L04:4.3,L07:5.2);",null
0,51,6.609841147864295,6,"(((L01:5.3,L06:4):4.6,(L04:4.3,L05:4.6):3.7):0.8,(L02:3.5,L03:4.8):4.8,L07:5.2);","(((((L02:6.1,L03:5.2):4,L04:4.3):0,L06:4):0,L05:4.6):0,L01:4.5,L07:5.2);",null
0,67,6.609841147864295,5,"(((L01:5.3,L06:4):4.6,(L04:4.3,L05:4.6):3.7):0.8000000002,(L02:3.5,L03:4.8):4.7999999998,L07:5.2);","((L01:4.5,L05:4.6):0,(((L02:6.1,L03:5.2):4,L04:4.3):0,L06:4):0,L07:5.2);",null
0,68,6.609841147864295,5,"(((L01:5.3,L06:4):4.6,(L04:4.3,L05:4.6):3.7):0.8000000001,(L02:3.5,L03:4.8):4.7999999999,L07:5.2);","(((((L02:6.1,L03:5.2):4,L04:4.3):0,L06:4):0,L01:4.5):0,L05:4.6,L07:5.2);",null
0,81,6.609841147864295,5,"(((L01:5.3,L06:4):4.6,(L04:4.3,L05:4.6):3.7):0.8,(L02:3.5,L03:4.8):4.8,L07:5.2);","(((L01:4.5,L05:4.6):0,L06:4):0,((L02:6.1,L03:5.2):4,L04:4.3):0,L07:5.2);",null
0,82,6.609841147864295,5,"(((L01:5.3,L06:4):4.6,(L04:4.3,L05:4.6):3.7):0.8,(L02:3.5,L03:4.8):4.8,L07:5.2);","(((L01:4.5,L05:4.6):0,((L02:6.1,L03:5.2):4,L04:4.3):0):0,L06:4,L07:5.2);",null
0,83,6.609841147864295,4,"(((L01:5.3,L06:4):4.6,(L04:4.3,L05:4.6):3.7):0.8,(L02:3.5,L03:4.8):4.8,L07:5.2);","(((((L02:6.1,L03:5.2):4,L04:4.3):0,L01:4.5):0,L05:4.6):0,L06:4,L07:5.2);",null
0,84,6.609841147864295,4,"(((L01:5.3,L06:4):4.6,(L04:4.3,L05:4.6):3.7):0.8000000001,(L02:3.5,L03:4.8):4.7999999999,L07:5.2);","((((L02:6.1,L03:5.2):4,L04:4.3):0,L01:4.5):0,L05:4.6,L06:4,L07:5.2);",null
0,93,6.609841147864295,5,"(((L01:5.3,L06:4):4.6,(L04:4.3,L05:4.6):3.7):0.8,(L02:3.5,L03:4.8):4.8,L07:5.2);","((((L01:4.5,L05:4.6):0,L06:4):0,L04:4.3):0,(L02:6.1,L03:5.2):4,L07:5.2);",null
0,94,6.609841147864295,4,"(((L01:5.3,L06:4):4.6,(L04:4.3,L05:4.6):3.7):0.7999999998,(L02:3.5,L03:4.8):4.8000000002,L07:5.2);","(((L01:4.5,L05:4.6):0,L04:4.3,L06:4):0,(L02:6.1,L03:5.2):4,L07:5.2);",null
0,95,6.609841147864295,5,"(((L01:5.3,L06:4):4.6,(L04:4.3,L05:4.6):3.7):0.8,(L02:3.5,L03:4.8):4.8,L07:5.2);","((((L01:4.5,L05:4.6):0,L06:4):0,(L02:6.1,L03:5.2):4):0,L04:4.3,L07:5.2);",null
0,96,6.609841147864295,5,"(((L01:5.3,L06:4):4.6,(L04:4.3,L05:4.6):3.7):0.8,(L02:3.5,L03:4.8):4.8,L07:5.2);","((((L01:4.5,L05:4.6):0,(L02:6.1,L03:5.2):4):0,L06:4):0,L04:4.3,L07:5.2);",null
0,97,6.609841147864295,4,"(((L01:5.3,L06:4):4.6,(L04:4.3,L05:4.6):3.7):0.8,(L02:3.5,L03:4.8):4.8,L07:5.2);","(((((L02:6.1,L03:5.2):4,L01:4.5):0,L05:4.6):0,L06:4):0,L04:4.3,L07:5.2);",null
0,98,6.609841147864295,3,"(((L01:5.3,L06:4):4.6,(L04:4.3,L05:4.6):3.7):0.8000000001,(L02:3.5,L03:4.8):4.7999999999,L07:5.2);","((((L02:6.1,L03:5.2):4,L01:4.5):0,L05:4.6,L06:4):0,L04:4.3,L07:5.2);",null
0,99,6.609841147864295,5,"(((L01:5.3,L06:4):4.6,(L04:4.3,L05:4.6):3.7):0.7999999998,(L02:3.5,L03:4.8):4.8000000002,L07:5.2);","(((((L02:6.1,L03:5.2):4,L05:4.6):0,L04:4.3):0,L06:4):0,L01:4.5,L07:5.2);",null
0,118,6.609841147864295,5,"(((L01:5.3,L06:4):4.6,(L04:4.3,L05:4.6):3.7):0.8,(L02:3.5,L03:4.8):4.8,L07:5.2);","(((((L02:6.1,L03:5.2):4,L05:4.6):0,L04:4.3):0,L01:4.5):0,L06:4,L07:5.2);",null
0,133,6.609841147864295,4,"(((L01:5.3,L06:4):4.6,(L04:4.3,L05:4.6):3.7):0.8,(L02:3.5,L03:4.8):4.8,L07:5.2);","((L01:4.5,L04:4.3,L06:4):0,((L02:6.1,L03:5.2):4,L05:4.6):0,L07:5.2);",null
0,135,6.609841147864295,5,"(((L01:5.3,L06:4):4.6,(L04:4.3,L05:4.6):3.7):0.8,(L02:3.5,L03:4.8):4.8,L07:5.2);","(((((L02:6.1,L03:5.2):4,L05:4.6):0,L01:4.5):0,L06:4):0,L04:4.3,L07:5.2);",null
0,145,6.609841147864295,4,"(((L01:5.3,L06:4):4.6,(L04:4.3,L05:4.6):3.7):0.8000000001,(L02:3.5,L03:4.8):4.7999999999,L07:5.2);","(((L01:4.4999999999,L04:4.3,L06:4):0,L05:4.6):0.0000000001,(L02:6.1,L03:5.2):4,L07:5.2);",null
0,146,6.609841147864295,3,"(((L01:5.3,L06:4):4.6,(L04:4.3,L05:4.6):3.7):0.7999999999,(L02:3.5,L03:4.8):4.8000000001,L07:5.2);","((L01:4.5,L04:4.3,L05:4.6,L06:4):0,(L02:6.1,L03:5.2):4,L07:5.2);",null
0,148,6.609841147864295,4,"(((L01:5.3,L06:4):4.6,(L04:4.3,L05:4.6):3.7):0.8,(L02:3.5,L03:4.8):4.8,L07:5.2);","(((L01:4.5,L04:4.3,L06:4):0,(L02:6.1,L03:5.2):4):0,L05:4.6,L07:5.2);",null
0,151,6.609841147864295,5,"(((L01:5.3,L06:4):4.6,(L04:4.3,L05:4.6):3.7):0.8,(L02:3.5,L03:4.8):4.8,L07:5.2);","(((((L02:6.1,L03:5.2):4,L01:4.5):0,L06:4):0,L04:4.3):0,L05:4.6,L07:5.2);",null
0,153,6.609841147864295,6,"(((L01:5.3,L06:4):4.6,(L04:4.3,L05:4.6):3.7):0.8,(L02:3.5,L03:4.8):4.8,L07:5.2);","(((((L02:6.1,L03:5.2):4,L05:4.6):0,L06:4):0,L04:4.3):0,L01:4.5,L07:5.2);",null
0,169,6.609841147864295,5,"(((L01:5.3,L06:4):4.6,(L04:4.3,L05:4.6):3.7):0.8000000002,(L02:3.5,L03:4.8):4.7999999998,L07:5.2);","((L01:4.5,L04:4.3):0,(((L02:6.1,L03:5.2):4,L05:4.6):0,L06:4):0,L07:5.2);",null
0,170,6.609841147864295,5,"(((L01:5.3,L06:4):4.6,(L04:4.3,L05:4.6):3.7):0.8000000001,(L02:3.5,L03:4.8):4.7999999999,L07:5.2);","(((((L02:6.1,L03:5.2):4,L05:4.6):0,L06:4):0,L01:4.5):0,L04:4.3,L07:5.2);",null
0,183,6.609841147864295,5,"(((L01:5.3,L06:4):4.6,(L04:4.3,L05:4.6):3.7):0.8,(L02:3.5,L03:4.8):4.8,L07:5.2);","(((L01:4.5,L04:4.3):0,L06:4):0,((L02:6.1,L03:5.2):4,L05:4.6):0,L07:5.2);",null
0,184,6.609841147864295,5,"(((L01:5.3,L06:4):4.6,(L04:4.3,L05:4.6):3.7):0.8,(L02:3.5,L03:4.8):4.8,L07:5.2);","(((L01:4.5,L04:4.3):0,((L02:6.1,L03:5.2):4,L05:4.6):0):0,L06:4,L07:5.2);",null
0,185,6.609841147864295,4,"(((L01:5.3,L06:4):4.6,(L04:4.3,L05:4.6):3.7):0.8,(L02:3.5,L03:4.8):4.8,L07:5.2);","(((((L02:6.1,L03:5.2):4,L05:4.6):0,L01:4.5):0,L04:4.3):0,L06:4,L07:5.2);",null
0,186,6.609841147864295,4,"(((L01:5.3,L06:4):4.6,(L04:4.3,L05:4.6):3.7):0.8000000001,(L02:3.5,L03:4.8):4.7999999999,L07:5.2);","((((L02:6.1,L03:5.2):4,L05:4.6):0,L01:4.5):0,L04:4.3,L06:4,L07:5.2);",null
0,195,6.609841147864295,5,"(((L01:5.3,L06:4):4.6,(L04:4.3,L05:4.6):3.7):0.8,(L02:3.5,L03:4.8):4.8,L07:5.2);","((((L01:4.5,L04:4.3):0,L06:4):0,L05:4.6):0,(L02:6.1,L03:5.2):4,L07:5.2);",null
0,196,6.609841147864295,4,"(((L01:5.3,L06:4):4.6,(L04:4.3,L05:4.6):3.7):0.7999999998,(L02:3.5,L03:4.8):4.8000000002,L07:5.2);","(((L01:4.5,L04:4.3):0,L05:4.6,L06:4):0,(L02:6.1,L03:5.2):4,L07:5.2);",null
0,197,6.609841147864295,5,"(((L01:5.3,L06:4):4.6,(L04:4.3,L05:4.6):3.7):0.8,(L02:3.5,L03:4.8):4.8,L07:5.2);","((((L01:4.5,L04:4.3):0,L06:4):0,(L02:6.1,L03:5.2):4):0,L05:4.6,L07:5.2);",null
0,198,6.609841147864295,5,"(((L01:5.3,L06:4):4.6,(L04:4.3,L05:4.6):3.7):0.8,(L02:3.5,L03:4.8):4.8,L07:5.2);","((((L01:4.5,L04:4.3):0,(L02:6.1,L03:5.2):4):0,L06:4):0,L05:4.6,L07:5.2);",null
0,199,6.609841147864295,4,"(((L01:5.3,L06:4):4.6,(L04:4.3,L05:4.6):3.7):0.8,(L02:3.5,L03:4.8):4.8,L07:5.2);","(((((L02:6.1,L03:5.2):4,L01:4.5):0,L04:4.3):0,L06:4):0,L05:4.6,L07:5.2);",null
0,200,6.609841147864295,3,"(((L01:5.3,L06:4):4.6,(L04:4.3,L05:4.6):3.7):0.8000000001,(L02:3.5,L03:4.8):4.7999999999,L07:5.2);","((((L02:6.1,L03:5.2):4,L01:4.5):0,L04:4.3,L06:4):0,L05:4.6,L07:5.2);",null
0,201,6.609841147864295,6,"(((L01:5.3,L06:4):4.6,(L04:4.3,L05:4.6):3.7):0.8,(L02:3.5,L03:4.8):4.8,L07:5.2);","(((((L02:6.1,L03:5.2):4,L06:4):0,L04:4.3):0,L05:4.6):0,L01:4.5,L07:5.2);",null
0,220,6.609841147864295,4,"(((L01:5.3,L06:4):4.6,(L04:4.3,L05:4.6):3.7):0.7999999998,(L02:3.5,L03:4.8):4.8000000002,L07:5.2);","((L01:4.5,L05:4.6):0,((L02:6.1,L03:5.2):4,L04:4.3,L06:4):0,L07:5.2);",null
0,221,6.609841147864295,5,"(((L01:5.3,L06:4):4.6,(L04:4.3,L05:4.6):3.7):0.8,(L02:3.5,L03:4.8):4.8,L07:5.2);","(((((L02:6.1,L03:5.2):4,L06:4):0,L04:4.3):0,L01:4.5):0,L05:4.6,L07:5.2);",null
0,235,6.609841147864295,5,"(((L01:5.3,L06:4):4.6,(L04:4.3,L05:4.6):3.7):0.8,(L02:3.5,L03:4.8):4.8,L07:5.2);","(((L01:4.5,L05:4.6):0,L04:4.3):0,((L02:6.1,L03:5.2):4,L06:4):0,L07:5.2);",null
0,237,6.609841147864295,5,"(((L01:5.3,L06:4):4.6,(L04:4.3,L05:4.6):3.7):0.8,(L02:3.5,L03:4.8):4.8,L07:5.2);","(((L01:4.5,L05:4.6):0,((L02:6.1,L03:5.2):4,L06:4):0):0,L04:4.3,L07:5.2);",null
0,238,6.609841147864295,5,"(((L01:5.3,L06:4):4.6,(L04:4.3,L05:4.6):3.7):0.7999999999,(L02:3.5,L03:4.8):4.8000000001,L07:5.2);","(((((L02:6.1,L03:5.2):4,L06:4):0,L01:4.5):0,L05:4.6):0,L04:4.3,L07:5.2);",null
0,247,6.609841147864295,6,"(((L01:5.3,L06:4):4.6,(L04:4.3,L05:4.6):3.7):0.8,(L02:3.5,L03:4.8):4.8,L07:5.2);","((((L01:4.5,L05:4.6):0,L04:4.3):0,L06:4):0,(L02:6.1,L03:5.2):4,L07:5.2);",null
0,249,6.609841147864295,5,"(((L01:5.3,L06:4):4.6,(L04:4.3,L05:4.6):3.7):0.8,(L02:3.5,L03:4.8):4.8,L07:5.2);","((((L01:4.5,L05:4.6):0,L04:4.3):0,(L02:6.1,L03:5.2):4):0,L06:4,L07:5.2);",null
0,252,6.609841147864295,4,"(((L01:5.3,L06:4):4.6,(L04:4.3,L05:4.6):3.7):0.8,(L02:3.5,L03:4.8):4.8,L07:5.2);","(((L01:4.5,L05:4.6):0,(L02:6.1,L03:5.2):4):0,L04:4.3,L06:4,L07:5.2);",null
0,253,6.609841147864295,4,"(((L01:5.3,L06:4):4.6,(L04:4.3,L05:4.6):3.7):0.8,(L02:3.5,L03:4.8):4.8,L07:5.2);","(((((L02:6.1,L03:5.2):4,L01:4.5):0,L05:4.6):0,L04:4.3):0,L06:4,L07:5.2);",null
0,254,6.609841147864295,3,"(((L01:5.3,L06:4):4.6,(L04:4.3,L05:4.6):3.7):0.8000000001,(L02:3.5,L03:4.8):4.7999999999,L07:5.2);","((((L02:6.1,L03:5.2):4,L01:4.5):0,L05:4.6):0,L04:4.3,L06:4,L07:5.2);",null
0,255,6.609841147864295,3,"(((L01:5.3,L06:4):4.6,(L04:4.3,L05:4.6):3.7):0.8,(L02:3.5,L03:4.8):4.8,L07:5.2);","(((L02:6.1,L03:5.2):4,L01:4.5):0,L04:4.3,L05:4.6,L06:4,L07:5.2);",null
0,256,6.609841147864295,6,"(((L01:5.3,L06:4):4.6,(L04:4.3,L05:4.6):3.7):0.8,(L02:3.5,L03:4.8):4.8,L07:5.2);","(((((L02:6.1,L03:5.2):4,L06:4):0,L05:4.6):0,L04:4.3):0,L01:4.5,L07:5.2);",null
0,279,6.609841147864295,4,"(((L01:5.3,L06:4):4.6,(L04:4.3,L05:4.6):3.7):0.7999999998,(L02:3.5,L03:4.8):4.8000000002,L07:5.2);","((L01:4.5,L04:4.3):0,((L02:6.1,L03:5.2):4,L05:4.6,L06:4):0,L07:5.2);",null
0,280,6.609841147864295,5,"(((L01:5.3,L06:4):4.6,(L04:4.3,L05:4.6):3.7):0.8,(L02:3.5,L03:4.8):4.8,L07:5.2);","(((((L02:6.1,L03:5.2):4,L06:4):0,L05:4.6):0,L01:4.5):0,L04:4.3,L07:5.2);",null
0,294,6.609841147864295,5,"(((L01:5.3,L06:4):4.6,(L04:4.3,L05:4.6):3.7):0.8,(L02:3.5,L03:4.8):4.8,L07:5.2);","(((L01:4.5,L04:4.3):0,L05:4.6):0,((L02:6.1,L03:5.2):4,L06:4):0,L07:5.2);",null
0,295,6.609841147864295,5,"(((L01:5.3,L06:4):4.6,(L04:4.3,L05:4.6):3.7):0.8,(L02:3.5,L03:4.8):4.8,L07:5.2);","(((L01:4.5,L04:4.3):0,((L02:6.1,L03:5.2):4,L06:4):0):0,L05:4.6,L07:5.2);",null
0,296,6.609841147864295,5,"(((L01:5.3,L06:4):4.6,(L04:4.3,L05:4.6):3.7):0.7999999999,(L02:3.5,L03:4.8):4.8000000001,L07:5.2);","(((((L02:6.1,L03:5.2):4,L06:4):0,L01:4.5):0,L04:4.3):0,L05:4.6,L07:5.2);",null
0,306,6.609841147864295,6,"(((L01:5.3,L06:4):4.6,(L04:4.3,L05:4.6):3.7):0.8,(L02:3.5,L03:4.8):4.8,L07:5.2);","((((L01:4.5,L04:4.3):0,L05:4.6):0,L06:4):0,(L02:6.1,L03:5.2):4,L07:5.2);",null
0,307,6.609841147864295,5,"(((L01:5.3,L06:4):4.6,(L04:4.3,L05:4.6):3.7):0.8,(L02:3.5,L03:4.8):4.8,L07:5.2);","((((L01:4.5,L04:4.3):0,L05:4.6):0,(L02:6.1,L03:5.2):4):0,L06:4,L07:5.2);",null
0,309,6.609841147864295,4,"(((L01:5.3,L06:4):4.6,(L04:4.3,L05:4.6):3.7):0.8,(L02:3.5,L03:4.8):4.8,L07:5.2);","(((L01:4.5,L04:4.3):0,(L02:6.1,L03:5.2):4):0,L05:4.6,L06:4,L07:5.2);",null
0,310,6.609841147864295,4,"(((L01:5.3,L06:4):4.6,(L04:4.3,L05:4.6):3.7):0.8,(L02:3.5,L03:4.8):4.8,L07:5.2);","(((((L02:6.1,L03:5.2):4,L01:4.5):0,L04:4.3):0,L05:4.6):0,L06:4,L07:5.2);",null
0,311,6.609841147864295,3,"(((L01:5.3,L06:4):4.6,(L04:4.3,L05:4.6):3.7):0.8000000001,(L02:3.5,L03:4.8):4.7999999999,L07:5.2);","((((L02:6.1,L03:5.2):4,L01:4.5):0,L04:4.3):0,L05:4.6,L06:4,L07:5.2);",null
0,312,6.609841147864295,3,"(((L01:5.3,L06:4):4.6,(L04:4.3,L05:4.6):3.7):0.8,(L02:3.5,L03:4.8):4.8,L07:5.2);","(((L02:6.1,L03:5.2):4,L01:4.5):0,L04:4.3,L05:4.6,L06:4,L07:5.2);",null
0,52,6.609841147864296,5,"(((L01:5.3,L06:4):4.6,(L04:4.3,L05:4.6):3.7):0.8,(L02:3.5,L03:4.8):4.8,L07:5.2);","((((L02:6.1,L03:5.2):4,L04:4.3):0,L05:4.6,L06:4):0,L01:4.5,L07:5.2);",null
0,154,6.609841147864296,5,"(((L01:5.3,L06:4):4.6,(L04:4.3,L05:4.6):3.7):0.8,(L02:3.5,L03:4.8):4.8,L07:5.2);","((((L02:6.1,L03:5.2):4,L05:4.6):0,L04:4.3,L06:4):0,L01:4.5,L07:5.2);",null
0,202,6.609841147864296,5,"(((L01:5.3,L06:4):4.6,(L04:4.3,L05:4.6):3.7):0.8,(L02:3.5,L03:4.8):4.8,L07:5.2);","((((L02:6.1,L03:5.2):4,L04:4.3,L06:4):0,L05:4.6):0,L01:4.5,L07:5.2);",null
0,203,6.609841147864296,3,"(((L01:5.3,L06:4):4.6,(L04:4.3,L05:4.6):3.7):0.8000000001,(L02:3.5,L03:4.8):4.7999999999,L07:5.2);","(((L02:6.1,L03:5.2):4,L04:4.3,L05:4.6,L06:4):0,L01:4.5,L07:5.2);",null
0,219,6.609841147864296,6,"(((L01:5.3,L06:4):4.6,(L04:4.3,L05:4.6):3.7):0.8,(L02:3.5,L03:4.8):4.8,L07:5.2);","((L01:4.5,L05:4.6):0,(((L02:6.1,L03:5.2):4,L06:4):0,L04:4.3):0,L07:5.2);",null
0,222,6.609841147864296,4,"(((L01:5.3,L06:4):4.6,(L04:4.3,L05:4.6):3.7):0.8000000001,(L02:3.5,L03:4.8):4.7999999999,L07:5.2);","((((L02:6.1,L03:5.2):4,L04:4.3,L06:4):0,L01:4.5):0,L05:4.6,L07:5.2);",null
0,251,6.609841147864296,4,"(((L01:5.3,L06:4):4.6,(L04:4.3,L05:4.6):3.7):0.8000000001,(L02:3.5,L03:4.8):4.7999999999,L07:5.2);","((((L01:4.5,L05:4.6):0,(L02:6.1,L03:5.2):4):0,L04:4.3):0,L06:4,L07:5.2);",null
0,257,6.609841147864296,5,"(((L01:5.3,L06:4):4.6,(L04:4.3,L05:4.6):3.7):0.8,(L02:3.5,L03:4.8):4.8,L07:5.2);","((((L02:6.1,L03:5.2):4,L05:4.6,L06:4):0,L04:4.3):0,L01:4.5,L07:5.2);",null
0,258,6.609841147864296,3,"(((L01:5.3,L06:4):4.6,(L04:4.3,L05:4.6):3.7):0.8000000001,(L02:3.5,L03:4.8):4.7999999999,L07:5.2);","(((L02:6.1,L03:5.2):4,L04:4.3,L05:4.6,L06:4):0,L01:4.5,L07:5.2);",null
0,278,6.609841147864296,6,"(((L01:5.3,L06:4):4.6,(L04:4.3,L05:4.6):3.7):0.8,(L02:3.5,L03:4.8):4.8,L07:5.2);","((L01:4.5,L04:4.3):0,(((L02:6.1,L03:5.2):4,L06:4):0,L05:4.6):0,L07:5.2);",null
0,281,6.609841147864296,4,"(((L01:5.3,L06:4):4.6,(L04:4.3,L05:4.6):3.7):0.8000000001,(L02:3.5,L03:4.8):4.7999999999,L07:5.2);","((((L02:6.1,L03:5.2):4,L05:4.6,L06:4):0,L01:4.5):0,L04:4.3,L07:5.2);",null
0,308,6.609841147864296,4,"(((L01:5.3,L06:4):4.6,(L04:4.3,L05:4.6):3.7):0.8000000001,(L02:3.5,L03:4.8):4.7999999999,L07:5.2);","((((L01:4.5,L04:4.3):0,(L02:6.1,L03:5.2):4):0,L05:4.6):0,L06:4,L07:5.2);",null
7,30,6.6820655489152445,5,"((((L04:4.3,L05:4.6):3.7,(L02:3.5,L03:4.8):5.6):4.6,L06:4):0.4000000001,L01:4.8999999999,L07:5.2);","(((L01:4.5,L06:4):0,L05:4.6):0,((L02:6.1,L03:5.2):4,L04:4.3):0,L07:5.2);",null
7,32,6.6820655489152445,5,"((((L04:4.3,L05:4.6):3.7,(L02:3.5,L03:4.8):5.6):4.6,L06:4):0.4,L01:4.9,L07:5.2);","(((L01:4.5,L06:4):0,((L02:6.1,L03:5.2):4,L04:4.3):0):0,L05:4.6,L07:5.2);",null
7,43,6.6820655489152445,5,"((((L04:4.3,L05:4.6):3.7,(L02:3.5,L03:4.8):5.6):4.6,L06:4):0.4,L01:4.9,L07:5.2);","(((L01:4.5,L05:4.6,L06:4):0,L04:4.3):0,(L02:6.1,L03:5.2):4,L07:5.2);",null
7,47,6.6820655489152445,5,"((((L04:4.3,L05:4.6):3.7,(L02:3.5,L03:4.8):5.6):4.6,L06:4):0.3999999999,L01:4.9000000001,L07:5.2);","((((L01:4.5,L06:4):0,L05:4.6):0,(L02:6.1,L03:5.2):4):0,L04:4.3,L07:5.2);",null
7,48,6.6820655489152445,4,"((((L04:4.3,L05:4.6):3.7,(L02:3.5,L03:4.8):5.6):4.6,L06:4):0.4,L01:4.9,L07:5.2);","(((L01:4.5,L05:4.6,L06:4):0,(L02:6.1,L03:5.2):4):0,L04:4.3,L07:5.2);",null
7,49,6.6820655489152445,4,"((((L04:4.3,L05:4.6):3.7,(L02:3.5,L03:4.8):5.6):4.6,L06:4):0.4,L01:4.9,L07:5.2);","((((L01:4.5,L06:4):0,(L02:6.1,L03:5.2):4):0,L05:4.6):0,L04:4.3,L07:5.2);",null
7,50,6.6820655489152445,3,"((((L04:4.3,L05:4.6):3.7,(L02:3.5,L03:4.8):5.6):4.6,L06:4):0.4,L01:4.9,L07:5.2);","(((((L02:6.1,L03:5.2):4,L01:4.5):0,L06:4):0,L05:4.6):0,L04:4.3,L07:5.2);",null
7,51,6.6820655489152445,6,"((((L04:4.3,L05:4.6):3.7,(L02:3.5,L03:4.8):5.6):4.6,L06:4):0.4,L01:4.9,L07:5.2);","(((((L02:6.1,L03:5.2):4,L04:4.3):0,L06:4):0,L05:4.6):0,L01:4.5,L07:5.2);",null
7,67,6.6820655489152445,5,"((((L04:4.3,L05:4.6):3.7,(L02:3.5,L03:4.8):5.6):4.6,L06:4):0.4,L01:4.9,L07:5.2);","((L01:4.5,L05:4.6):0,(((L02:6.1,L03:5.2):4,L04:4.3):0,L06:4):0,L07:5.2);",null
7,82,6.6820655489152445,6,"((((L04:4.3,L05:4.6):3.7,(L02:3.5,L03:4.8):5.6):4.6,L06:4):0.4,L01:4.9,L07:5.2);","(((L01:4.5,L05:4.6):0,((L02:6.1,L03:5.2):4,L04:4.3):0):0,L06:4,L07:5.2);",null
7,83,6.6820655489152445,5,"((((L04:4.3,L05:4.6):3.7,(L02:3.5,L03:4.8):5.6):4.6,L06:4):0.4,L01:4.9,L07:5.2);","(((((L02:6.1,L03:5.2):4,L04:4.3):0,L01:4.5):0,L05:4.6):0,L06:4,L07:5.2);",null
7,93,6.6820655489152445,6,"((((L04:4.3,L05:4.6):3.7,(L02:3.5,L03:4.8):5.6):4.6,L06:4):0.4,L01:4.9,L07:5.2);","((((L01:4.5,L05:4.6):0,L06:4):0,L04:4.3):0,(L02:6.1,L03:5.2):4,L07:5.2);",null
7,94,6.6820655489152445,5,"((((L04:4.3,L05:4.6):3.7,(L02:3.5,L03:4.8):5.6):4.6,L06:4):0.4,L01:4.9,L07:5.2);","(((L01:4.5,L05:4.6):0,L04:4.3,L06:4):0,(L02:6.1,L03:5.2):4,L07:5.2);",null
7,97,6.6820655489152445,3,"((((L04:4.3,L05:4.6):3.7,(L02:3.5,L03:4.8):5.6):4.6,L06:4):0.4,L01:4.9,L07:5.2);","(((((L02:6.1,L03:5.2):4,L01:4.5):0,L05:4.6):0,L06:4):0,L04:4.3,L07:5.2);",null
7,98,6.6820655489152445,3,"((((L04:4.3,L05:4.6):3.7,(L02:3.5,L03:4.8):5.6):4.6,L06:4):0.3999999999,L01:4.9000000001,L07:5.2);","((((L02:6.1,L03:5.2):4,L01:4.5):0,L05:4.6,L06:4):0,L04:4.3,L07:5.2);",null
7,132,6.6820655489152445,5,"((((L04:4.3,L05:4.6):3.7,(L02:3.5,L03:4.8):5.6):4.6,L06:4):0.4000000001,L01:4.8999999999,L07:5.2);","(((L01:4.5,L06:4):0,L04:4.3):0,((L02:6.1,L03:5.2):4,L05:4.6):0,L07:5.2);",null
7,134,6.6820655489152445,5,"((((L04:4.3,L05:4.6):3.7,(L02:3.5,L03:4.8):5.6):4.6,L06:4):0.4,L01:4.9,L07:5.2);","(((L01:4.5,L06:4):0,((L02:6.1,L03:5.2):4,L05:4.6):0):0,L04:4.3,L07:5.2);",null
7,145,6.6820655489152445,5,"((((L04:4.3,L05:4.6):3.7,(L02:3.5,L03:4.8):5.6):4.6,L06:4):0.4,L01:4.9,L07:5.2);","(((L01:4.5,L04:4.3,L06:4):0,L05:4.6):0,(L02:6.1,L03:5.2):4,L07:5.2);",null
7,147,6.6820655489152445,5,"((((L04:4.3,L05:4.6):3.7,(L02:3.5,L03:4.8):5.6):4.6,L06:4):0.3999999999,L01:4.9000000001,L07:5.2);","((((L01:4.5,L06:4):0,L04:4.3):0,(L02:6.1,L03:5.2):4):0,L05:4.6,L07:5.2);",null
7,148,6.6820655489152445,4,"((((L04:4.3,L05:4.6):3.7,(L02:3.5,L03:4.8):5.6):4.6,L06:4):0.4,L01:4.9,L07:5.2);","(((L01:4.5,L04:4.3,L06:4):0,(L02:6.1,L03:5.2):4):0,L05:4.6,L07:5.2);",null
7,149,6.6820655489152445,4,"((((L04:4.3,L05:4.6):3.7,(L02:3.5,L03:4.8):5.6):4.6,L06:4):0.4,L01:4.9,L07:5.2);","((((L01:4.5,L06:4):0,(L02:6.1,L03:5.2):4):0,L04:4.3):0,L05:4.6,L07:5.2);",null
7,151,6.6820655489152445,3,"((((L04:4.3,L05:4.6):3.7,(L02:3.5,L03:4.8):5.6):4.6,L06:4):0.4,L01:4.9,L07:5.2);","(((((L02:6.1,L03:5.2):4,L01:4.5):0,L06:4):0,L04:4.3):0,L05:4.6,L07:5.2);",null
7,153,6.6820655489152445,6,"((((L04:4.3,L05:4.6):3.7,(L02:3.5,L03:4.8):5.6):4.6,L06:4):0.4,L01:4.9,L07:5.2);","(((((L02:6.1,L03:5.2):4,L05:4.6):0,L06:4):0,L04:4.3):0,L01:4.5,L07:5.2);",null
7,169,6.6820655489152445,5,"((((L04:4.3,L05:4.6):3.7,(L02:3.5,L03:4.8):5.6):4.6,L06:4):0.4,L01:4.9,L07:5.2);","((L01:4.5,L04:4.3):0,(((L02:6.1,L03:5.2):4,L05:4.6):0,L06:4):0,L07:5.2);",null
7,184,6.6820655489152445,6,"((((L04:4.3,L05:4.6):3.7,(L02:3.5,L03:4.8):5.6):4.6,L06:4):0.4,L01:4.9,L07:5.2);","(((L01:4.5,L04:4.3):0,((L02:6.1,L03:5.2):4,L05:4.6):0):0,L06:4,L07:5.2);",null
7,185,6.6820655489152445,5,"((((L04:4.3,L05:4.6):3.7,(L02:3.5,L03:4.8):5.6):4.6,L06:4):0.4,L01:4.9,L07:5.2);","(((((L02:6.1,L03:5.2):4,L05:4.6):0,L01:4.5):0,L04:4.3):0,L06:4,L07:5.2);",null
7,195,6.6820655489152445,6,"((((L04:4.3,L05:4.6):3.7,(L02:3.5,L03:4.8):5.6):4.6,L06:4):0.4,L01:4.9,L07:5.2);","((((L01:4.5,L04:4.3):0,L06:4):0,L05:4.6):0,(L02:6.1,L03:5.2):4,L07:5.2);",null
7,196,6.6820655489152445,5,"((((L04:4.3,L05:4.6):3.7,(L02:3.5,L03:4.8):5.6):4.6,L06:4):0.4,L01:4.9,L07:5.2);","(((L01:4.5,L04:4.3):0,L05:4.6,L06:4):0,(L02:6.1,L03:5.2):4,L07:5.2);",null
7,199,6.6820655489152445,3,"((((L04:4.3,L05:4.6):3.7,(L02:3.5,L03:4.8):5.6):4.6,L06:4):0.4,L01:4.9,L07:5.2);","(((((L02:6.1,L03:5.2):4,L01:4.5):0,L04:4.3):0,L06:4):0,L05:4.6,L07:5.2);",null
7,200,6.6820655489152445,3,"((((L04:4.3,L05:4.6):3.7,(L02:3.5,L03:4.8):5.6):4.6,L06:4):0.3999999999,L01:4.9000000001,L07:5.2);","((((L02:6.1,L03:5.2):4,L01:4.5):0,L04:4.3,L06:4):0,L05:4.6,L07:5.2);",null
7,201,6.6820655489152445,6,"((((L04:4.3,L05:4.6):3.7,(L02:3.5,L03:4.8):5.6):4.6,L06:4):0.4,L01:4.9,L07:5.2);","(((((L02:6.1,L03:5.2):4,L06:4):0,L04:4.3):0,L05:4.6):0,L01:4.5,L07:5.2);",null
7,202,6.6820655489152445,4,"((((L04:4.3,L05:4.6):3.7,(L02:3.5,L03:4.8):5.6):4.6,L06:4):0.4,L01:4.9,L07:5.2);","((((L02:6.1,L03:5.2):4,L04:4.3,L06:4):0,L05:4.6):0,L01:4.5,L07:5.2);",null
7,203,6.6820655489152445,3,"((((L04:4.3,L05:4.6):3.7,(L02:3.5,L03:4.8):5.6):4.6,L06:4):0.4,L01:4.9,L07:5.2);","(((L02:6.1,L03:5.2):4,L04:4.3,L05:4.6,L06:4):0,L01:4.5,L07:5.2);",null
7,219,6.6820655489152445,5,"((((L04:4.3,L05:4.6):3.7,(L02:3.5,L03:4.8):5.6):4.6,L06:4):0.4,L01:4.9,L07:5.2);","((L01:4.5,L05:4.6):0,(((L02:6.1,L03:5.2):4,L06:4):0,L04:4.3):0,L07:5.2);",null
7,220,6.6820655489152445,4,"((((L04:4.3,L05:4.6):3.7,(L02:3.5,L03:4.8):5.6):4.6,L06:4):0.3999999998,L01:4.9000000002,L07:5.2);","((L01:4.5,L05:4.6):0,((L02:6.1,L03:5.2):4,L04:4.3,L06:4):0,L07:5.2);",null
7,235,6.6820655489152445,5,"((((L04:4.3,L05:4.6):3.7,(L02:3.5,L03:4.8):5.6):4.6,L06:4):0.3999999998,L01:4.9000000002,L07:5.2);","(((L01:4.5,L05:4.6):0,L04:4.3):0,((L02:6.1,L03:5.2):4,L06:4):0,L07:5.2);",null
7,237,6.6820655489152445,5,"((((L04:4.3,L05:4.6):3.7,(L02:3.5,L03:4.8):5.6):4.6,L06:4):0.3999999999,L01:4.9000000001,L07:5.2);","(((L01:4.5,L05:4.6):0,((L02:6.1,L03:5.2):4,L06:4):0):0,L04:4.3,L07:5.2);",null
7,238,6.6820655489152445,4,"((((L04:4.3,L05:4.6):3.7,(L02:3.5,L03:4.8):5.6):4.6,L06:4):0.3999999999,L01:4.9000000001,L07:5.2);","(((((L02:6.1,L03:5.2):4,L06:4):0,L01:4.5):0,L05:4.6):0,L04:4.3,L07:5.2);",null
7,249,6.6820655489152445,6,"((((L04:4.3,L05:4.6):3.7,(L02:3.5,L03:4.8):5.6):4.6,L06:4):0.4,L01:4.9,L07:5.2);","((((L01:4.5,L05:4.6):0,L04:4.3):0,(L02:6.1,L03:5.2):4):0,L06:4,L07:5.2);",null
7,251,6.6820655489152445,5,"((((L04:4.3,L05:4.6):3.7,(L02:3.5,L03:4.8):5.6):4.6,L06:4):0.4,L01:4.9,L07:5.2);","((((L01:4.5,L05:4.6):0,(L02:6.1,L03:5.2):4):0,L04:4.3):0,L06:4,L07:5.2);",null
7,252,6.6820655489152445,4,"((((L04:4.3,L05:4.6):3.7,(L02:3.5,L03:4.8):5.6):4.6,L06:4):0.4,L01:4.9,L07:5.2);","(((L01:4.5,L05:4.6):0,(L02:6.1,L03:5.2):4):0,L04:4.3,L06:4,L07:5.2);",null
7,253,6.6820655489152445,4,"((((L04:4.3,L05:4.6):3.7,(L02:3.5,L03:4.8):5.6):4.6,L06:4):0.4,L01:4.9,L07:5.2);","(((((L02:6.1,L03:5.2):4,L01:4.5):0,L05:4.6):0,L04:4.3):0,L06:4,L07:5.2);",null
7,254,6.6820655489152445,3,"((((L04:4.3,L05:4.6):3.7,(L02:3.5,L03:4.8):5.6):4.6,L06:4):0.3999999999,L01:4.9000000001,L07:5.2);","((((L02:6.1,L03:5.2):4,L01:4.5):0,L05:4.6):0,L04:4.3,L06:4,L07:5.2);",null
7,255,6.6820655489152445,3,"((((L04:4.3,L05:4.6):3.7,(L02:3.5,L03:4.8):5.6):4.6,L06:4):0.4,L01:4.9,L07:5.2);","(((L02:6.1,L03:5.2):4,L01:4.5):0,L04:4.3,L05:4.6,L06:4,L07:5.2);",null
7,256,6.6820655489152445,6,"((((L04:4.3,L05:4.6):3.7,(L02:3.5,L03:4.8):5.6):4.6,L06:4):0.4,L01:4.9,L07:5.2);","(((((L02:6.1,L03:5.2):4,L06:4):0,L05:4.6):0,L04:4.3):0,L01:4.5,L07:5.2);",null
7,257,6.6820655489152445,4,"((((L04:4.3,L05:4.6):3.7,(L02:3.5,L03:4.8):5.6):4.6,L06:4):0.4,L01:4.9,L07:5.2);","((((L02:6.1,L03:5.2):4,L05:4.6,L06:4):0,L04:4.3):0,L01:4.5,L07:5.2);",null
7,258,6.6820655489152445,3,"((((L04:4.3,L05:4.6):3.7,(L02:3.5,L03:4.8):5.6):4.6,L06:4):0.4,L01:4.9,L07:5.2);","(((L02:6.1,L03:5.2):4,L04:4.3,L05:4.6,L06:4):0,L01:4.5,L07:5.2);",null
7,278,6.6820655489152445,5,"((((L04:4.3,L05:4.6):3.7,(L02:3.5,L03:4.8):5.6):4.6,L06:4):0.4,L01:4.9,L07:5.2);","((L01:4.5,L04:4.3):0,(((L02:6.1,L03:5.2):4,L06:4):0,L05:4.6):0,L07:5.2);",null
7,279,6.6820655489152445,4,"((((L04:4.3,L05:4.6):3.7,(L02:3.5,L03:4.8):5.6):4.6,L06:4):0.3999999998,L01:4.9000000002,L07:5.2);","((L01:4.5,L04:4.3):0,((L02:6.1,L03:5.2):4,L05:4.6,L06:4):0,L07:5.2);",null
7,294,6.6820655489152445,5,"((((L04:4.3,L05:4.6):3.7,(L02:3.5,L03:4.8):5.6):4.6,L06:4):0.3999999998,L01:4.9000000002,L07:5.2);","(((L01:4.5,L04:4.3):0,L05:4.6):0,((L02:6.1,L03:5.2):4,L06:4):0,L07:5.2);",null
7,295,6.6820655489152445,5,"((((L04:4.3,L05:4.6):3.7,(L02:3.5,L03:4.8):5.6):4.6,L06:4):0.3999999999,L01:4.9000000001,L07:5.2);","(((L01:4.5,L04:4.3):0,((L02:6.1,L03:5.2):4,L06:4):0):0,L05:4.6,L07:5.2);",null
7,296,6.6820655489152445,4,"((((L04:4.3,L05:4.6):3.7,(L02:3.5,L03:4.8):5.6):4.6,L06:4):0.3999999999,L01:4.9000000001,L07:5.2);","(((((L02:6.1,L03:5.2):4,L06:4):0,L01:4.5):0,L04:4.3):0,L05:4.6,L07:5.2);",null
7,307,6.6820655489152445,6,"((((L04:4.3,L05:4.6):3.7,(L02:3.5,L03:4.8):5.6):4.6,L06:4):0.4,L01:4.9,L07:5.2);","((((L01:4.5,L04:4.3):0,L05:4.6):0,(L02:6.1,L03:5.2):4):0,L06:4,L07:5.2);",null
7,308,6.6820655489152445,5,"((((L04:4.3,L05:4.6):3.7,(L02:3.5,L03:4.8):5.6):4.6,L06:4):0.4,L01:4.9,L07:5.2);","((((L01:4.5,L04:4.3):0,(L02:6.1,L03:5.2):4):0,L05:4.6):0,L06:4,L07:5.2);",null
7,309,6.6820655489152445,4,"((((L04:4.3,L05:4.6):3.7,(L02:3.5,L03:4.8):5.6):4.6,L06:4):0.4,L01:4.9,L07:5.2);","(((L01:4.5,L04:4.3):0,(L02:6.1,L03:5.2):4):0,L05:4.6,L06:4,L07:5.2);",null
7,310,6.6820655489152445,4,"((((L04:4.3,L05:4.6):3.7,(L02:3.5,L03:4.8):5.6):4.6,L06:4):0.4,L01:4.9,L07:5.2);","(((((L02:6.1,L03:5.2):4,L01:4.5):0,L04:4.3):0,L05:4.6):0,L06:4,L07:5.2);",null
7,311,6.6820655489152445,3,"((((L04:4.3,L05:4.6):3.7,(L02:3.5,L03:4.8):5.6):4.6,L06:4):0.3999999999,L01:4.9000000001,L07:5.2);","((((L02:6.1,L03:5.2):4,L01:4.5):0,L04:4.3):0,L05:4.6,L06:4,L07:5.2);",null
7,312,6.6820655489152445,3,"((((L04:4.3,L05:4.6):3.7,(L02:3.5,L03:4.8):5.6):4.6,L06:4):0.4,L01:4.9,L07:5.2);","(((L02:6.1,L03:5.2):4,L01:4.5):0,L04:4.3,L05:4.6,L06:4,L07:5.2);",null
7,31,6.682065548915245,4,"((((L04:4.3,L05:4.6):3.7,(L02:3.5,L03:4.8):5.6):4.6,L06:4):0.4000000001,L01:4.8999999999,L07:5.2);","((L01:4.5,L05:4.6,L06:4):0,((L02:6.1,L03:5.2):4,L04:4.3):0,L07:5.2);",null
7,33,6.682065548915245,4,"((((L04:4.3,L05:4.6):3.7,(L02:3.5,L03:4.8):5.6):4.6,L06:4):0.3999999999,L01:4.9000000001,L07:5.2);","(((((L02:6.1,L03:5.2):4,L04:4.3):0,L01:4.5):0,L06:4):0,L05:4.6,L07:5.2);",null
7,42,6.682065548915245,5,"((((L04:4.3,L05:4.6):3.7,(L02:3.5,L03:4.8):5.6):4.6,L06:4):0.3999999999,L01:4.9000000001,L07:5.2);","((((L01:4.5,L06:4):0,L05:4.6):0,L04:4.3):0,(L02:6.1,L03:5.2):4,L07:5.2);",null
7,44,6.682065548915245,3,"((((L04:4.3,L05:4.6):3.7,(L02:3.5,L03:4.8):5.6):4.6,L06:4):0.4,L01:4.9,L07:5.2);","((L01:4.5,L04:4.3,L05:4.6,L06:4):0,(L02:6.1,L03:5.2):4,L07:5.2);",null
7,52,6.682065548915245,4,"((((L04:4.3,L05:4.6):3.7,(L02:3.5,L03:4.8):5.6):4.6,L06:4):0.4,L01:4.9,L07:5.2);","((((L02:6.1,L03:5.2):4,L04:4.3):0,L05:4.6,L06:4):0,L01:4.5,L07:5.2);",null
7,68,6.682065548915245,5,"((((L04:4.3,L05:4.6):3.7,(L02:3.5,L03:4.8):5.6):4.6,L06:4):0.4,L01:4.9,L07:5.2);","(((((L02:6.1,L03:5.2):4,L04:4.3):0,L06:4):0,L01:4.5):0,L05:4.6,L07:5.2);",null
7,81,6.682065548915245,6,"((((L04:4.3,L05:4.6):3.7,(L02:3.5,L03:4.8):5.6):4.6,L06:4):0.4,L01:4.9,L07:5.2);","(((L01:4.5,L05:4.6):0,L06:4):0,((L02:6.1,L03:5.2):4,L04:4.3):0,L07:5.2);",null
7,84,6.682065548915245,4,"((((L04:4.3,L05:4.6):3.7,(L02:3.5,L03:4.8):5.6):4.6,L06:4):0.3999999999,L01:4.9000000001,L07:5.2);","((((L02:6.1,L03:5.2):4,L04:4.3):0,L01:4.5):0,L05:4.6,L06:4,L07:5.2);",null
7,95,6.682065548915245,5,"((((L04:4.3,L05:4.6):3.7,(L02:3.5,L03:4.8):5.6):4.6,L06:4):0.3999999998,L01:4.9000000002,L07:5.2);","((((L01:4.5,L05:4.6):0,L06:4):0,(L02:6.1,L03:5.2):4):0,L04:4.3,L07:5.2);",null
7,96,6.682065548915245,4,"((((L04:4.3,L05:4.6):3.7,(L02:3.5,L03:4.8):5.6):4.6,L06:4):0.4,L01:4.9,L07:5.2);","((((L01:4.5,L05:4.6):0,(L02:6.1,L03:5.2):4):0,L06:4):0,L04:4.3,L07:5.2);",null
7,133,6.682065548915245,4,"((((L04:4.3,L05:4.6):3.7,(L02:3.5,L03:4.8):5.6):4.6,L06:4):0.4000000001,L01:4.8999999999,L07:5.2);","((L01:4.5,L04:4.3,L06:4):0,((L02:6.1,L03:5.2):4,L05:4.6):0,L07:5.2);",null
7,135,6.682065548915245,4,"((((L04:4.3,L05:4.6):3.7,(L02:3.5,L03:4.8):5.6):4.6,L06:4):0.3999999999,L01:4.9000000001,L07:5.2);","(((((L02:6.1,L03:5.2):4,L05:4.6):0,L01:4.5):0,L06:4):0,L04:4.3,L07:5.2);",null
7,144,6.682065548915245,5,"((((L04:4.3,L05:4.6):3.7,(L02:3.5,L03:4.8):5.6):4.6,L06:4):0.3999999999,L01:4.9000000001,L07:5.2);","((((L01:4.5,L06:4):0,L04:4.3):0,L05:4.6):0,(L02:6.1,L03:5.2):4,L07:5.2);",null
7,146,6.682065548915245,3,"((((L04:4.3,L05:4.6):3.7,(L02:3.5,L03:4.8):5.6):4.6,L06:4):0.4,L01:4.9,L07:5.2);","((L01:4.5,L04:4.3,L05:4.6,L06:4):0,(L02:6.1,L03:5.2):4,L07:5.2);",null
7,154,6.682065548915245,4,"((((L04:4.3,L05:4.6):3.7,(L02:3.5,L03:4.8):5.6):4.6,L06:4):0.4,L01:4.9,L07:5.2);","((((L02:6.1,L03:5.2):4,L05:4.6):0,L04:4.3,L06:4):0,L01:4.5,L07:5.2);",null
7,170,6.682065548915245,5,"((((L04:4.3,L05:4.6):3.7,(L02:3.5,L03:4.8):5.6):4.6,L06:4):0.4,L01:4.9,L07:5.2);","(((((L02:6.1,L03:5.2):4,L05:4.6):0,L06:4):0,L01:4.5):0,L04:4.3,L07:5.2);",null
7,183,6.682065548915245,6,"((((L04:4.3,L05:4.6):3.7,(L02:3.5,L03:4.8):5.6):4.6,L06:4):0.4,L01:4.9,L07:5.2);","(((L01:4.5,L04:4.3):0,L06:4):0,((L02:6.1,L03:5.2):4,L05:4.6):0,L07:5.2);",null
7,186,6.682065548915245,4,"((((L04:4.3,L05:4.6):3.7,(L02:3.5,L03:4.8):5.6):4.6,L06:4):0.3999999999,L01:4.9000000001,L07:5.2);","((((L02:6.1,L03:5.2):4,L05:4.6):0,L01:4.5):0,L04:4.3,L06:4,L07:5.2);",null
7,197,6.682065548915245,5,"((((L04:4.3,L05:4.6):3.7,(L02:3.5,L03:4.8):5.6):4.6,L06:4):0.3999999998,L01:4.9000000002,L07:5.2);","((((L01:4.5,L04:4.3):0,L06:4):0,(L02:6.1,L03:5.2):4):0,L05:4.6,L07:5.2);",null
7,198,6.682065548915245,4,"((((L04:4.3,L05:4.6):3.7,(L02:3.5,L03:4.8):5.6):4.6,L06:4):0.4,L01:4.9,L07:5.2);","((((L01:4.5,L04:4.3):0,(L02:6.1,L03:5.2):4):0,L06:4):0,L05:4.6,L07:5.2);",null
7,221,6.682065548915245,5,"((((L04:4.3,L05:4.6):3.7,(L02:3.5,L03:4.8):5.6):4.6,L06:4):0.4,L01:4.9,L07:5.2);","(((((L02:6.1,L03:5.2):4,L06:4):0,L04:4.3):0,L01:4.5):0,L05:4.6,L07:5.2);",null
7,222,6.682065548915245,4,"((((L04:4.3,L05:4.6):3.7,(L02:3.5,L03:4.8):5.6):4.6,L06:4):0.4,L01:4.9,L07:5.2);","((((L02:6.1,L03:5.2):4,L04:4.3,L06:4):0,L01:4.5):0,L05:4.6,L07:5.2);",null
7,247,6.682065548915245,6,"((((L04:4.3,L05:4.6):3.7,(L02:3.5,L03:4.8):5.6):4.6,L06:4):0.4,L01:4.9,L07:5.2);","((((L01:4.5,L05:4.6):0,L04:4.3):0,L06:4):0,(L02:6.1,L03:5.2):4,L07:5.2);",null
7,280,6.682065548915245,5,"((((L04:4.3,L05:4.6):3.7,(L02:3.5,L03:4.8):5.6):4.6,L06:4):0.4,L01:4.9,L07:5.2);","(((((L02:6.1,L03:5.2):4,L06:4):0,L05:4.6):0,L01:4.5):0,L04:4.3,L07:5.2);",null
7,281,6.682065548915245,4,"((((L04:4.3,L05:4.6):3.7,(L02:3.5,L03:4.8):5.6):4.6,L06:4):0.4,L01:4.9,L07:5.2);","((((L02:6.1,L03:5.2):4,L05:4.6,L06:4):0,L01:4.5):0,L04:4.3,L07:5.2);",null
